,open,high,low,close,volume,num_trds,value
2024-06-02 17:00:00-04:00,1.0848,1.085,1.0848,1.085,0,492,0.0
2024-06-02 17:01:00-04:00,1.085,1.085,1.0849,1.085,0,496,0.0
2024-06-02 17:02:00-04:00,1.085,1.085,1.0849,1.0849,0,509,0.0
2024-06-02 17:03:00-04:00,1.085,1.085,1.0849,1.0849,0,446,0.0
2024-06-02 17:04:00-04:00,1.0849,1.085,1.0849,1.0849,0,267,0.0
2024-06-02 17:05:00-04:00,1.0849,1.085,1.0848,1.0849,0,569,0.0
2024-06-02 17:06:00-04:00,1.0849,1.0849,1.0847,1.0848,0,560,0.0
2024-06-02 17:07:00-04:00,1.0848,1.085,1.0847,1.085,0,590,0.0
2024-06-02 17:08:00-04:00,1.085,1.0851,1.0848,1.0848,0,476,0.0
2024-06-02 17:09:00-04:00,1.0848,1.0849,1.0848,1.0848,0,373,0.0
2024-06-02 17:10:00-04:00,1.0848,1.085,1.0848,1.0848,0,468,0.0
2024-06-02 17:11:00-04:00,1.0848,1.0848,1.0847,1.0848,0,440,0.0
2024-06-02 17:12:00-04:00,1.0848,1.0849,1.0848,1.0849,0,468,0.0
2024-06-02 17:13:00-04:00,1.0849,1.0849,1.0849,1.0849,0,395,0.0
2024-06-02 17:14:00-04:00,1.0849,1.0849,1.0848,1.0848,0,408,0.0
2024-06-02 17:15:00-04:00,1.0848,1.0848,1.0848,1.0848,0,429,0.0
2024-06-02 17:16:00-04:00,1.0848,1.0849,1.0848,1.0848,0,424,0.0
2024-06-02 17:17:00-04:00,1.0848,1.0849,1.0848,1.0848,0,436,0.0
2024-06-02 17:18:00-04:00,1.0848,1.0849,1.0848,1.0848,0,441,0.0
2024-06-02 17:19:00-04:00,1.0848,1.0849,1.0848,1.0848,0,423,0.0
2024-06-02 17:20:00-04:00,1.0848,1.0849,1.0848,1.0849,0,445,0.0
2024-06-02 17:21:00-04:00,1.0849,1.0849,1.0848,1.0848,0,451,0.0
2024-06-02 17:22:00-04:00,1.0848,1.0849,1.0848,1.0848,0,467,0.0
2024-06-02 17:23:00-04:00,1.0848,1.0849,1.0848,1.0848,0,455,0.0
2024-06-02 17:24:00-04:00,1.0848,1.0849,1.0848,1.0848,0,455,0.0
2024-06-02 17:25:00-04:00,1.0848,1.0849,1.0848,1.0849,0,454,0.0
2024-06-02 17:26:00-04:00,1.0849,1.0849,1.0848,1.0848,0,447,0.0
2024-06-02 17:27:00-04:00,1.0848,1.0849,1.0848,1.0849,0,454,0.0
2024-06-02 17:28:00-04:00,1.0849,1.0849,1.0848,1.0849,0,449,0.0
2024-06-02 17:29:00-04:00,1.0849,1.0849,1.0848,1.0849,0,483,0.0
2024-06-02 17:30:00-04:00,1.0849,1.0849,1.0848,1.0848,0,509,0.0
2024-06-02 17:31:00-04:00,1.0848,1.0849,1.0848,1.0848,0,523,0.0
2024-06-02 17:32:00-04:00,1.0848,1.0849,1.0848,1.0849,0,423,0.0
2024-06-02 17:33:00-04:00,1.0849,1.0849,1.0848,1.0848,0,623,0.0
2024-06-02 17:34:00-04:00,1.0848,1.0848,1.0848,1.0848,0,468,0.0
2024-06-02 17:35:00-04:00,1.0848,1.0848,1.0848,1.0848,0,496,0.0
2024-06-02 17:36:00-04:00,1.0848,1.0849,1.0848,1.0848,0,546,0.0
2024-06-02 17:37:00-04:00,1.0848,1.0849,1.0848,1.0849,0,486,0.0
2024-06-02 17:38:00-04:00,1.0849,1.0849,1.0848,1.0849,0,477,0.0
2024-06-02 17:39:00-04:00,1.0849,1.0849,1.0849,1.0849,0,509,0.0
2024-06-02 17:40:00-04:00,1.0849,1.085,1.0849,1.085,0,453,0.0
2024-06-02 17:41:00-04:00,1.085,1.085,1.085,1.085,0,445,0.0
2024-06-02 17:42:00-04:00,1.0849,1.085,1.0849,1.085,0,450,0.0
2024-06-02 17:43:00-04:00,1.085,1.085,1.085,1.085,0,457,0.0
2024-06-02 17:44:00-04:00,1.085,1.085,1.085,1.085,0,528,0.0
2024-06-02 17:45:00-04:00,1.085,1.0851,1.085,1.085,0,485,0.0
2024-06-02 17:46:00-04:00,1.085,1.085,1.0849,1.0849,0,464,0.0
2024-06-02 17:47:00-04:00,1.0849,1.085,1.0849,1.0849,0,485,0.0
2024-06-02 17:48:00-04:00,1.0849,1.085,1.0849,1.085,0,596,0.0
2024-06-02 17:49:00-04:00,1.085,1.085,1.0849,1.085,0,494,0.0
2024-06-02 17:50:00-04:00,1.085,1.085,1.0849,1.085,0,516,0.0
2024-06-02 17:51:00-04:00,1.085,1.085,1.085,1.085,0,522,0.0
2024-06-02 17:52:00-04:00,1.085,1.085,1.085,1.085,0,520,0.0
2024-06-02 17:53:00-04:00,1.085,1.085,1.085,1.085,0,533,0.0
2024-06-02 17:54:00-04:00,1.085,1.085,1.085,1.085,0,500,0.0
2024-06-02 17:55:00-04:00,1.085,1.085,1.085,1.085,0,485,0.0
2024-06-02 17:56:00-04:00,1.085,1.085,1.0848,1.0848,0,562,0.0
2024-06-02 17:57:00-04:00,1.0848,1.0848,1.0848,1.0848,0,558,0.0
2024-06-02 17:58:00-04:00,1.0848,1.0848,1.0848,1.0848,0,526,0.0
2024-06-02 17:59:00-04:00,1.0848,1.0849,1.0848,1.0849,0,549,0.0
2024-06-02 18:00:00-04:00,1.0849,1.0852,1.0849,1.0851,0,838,0.0
2024-06-02 18:01:00-04:00,1.0851,1.0853,1.0851,1.0852,0,629,0.0
2024-06-02 18:02:00-04:00,1.0852,1.0852,1.0849,1.0849,0,627,0.0
2024-06-02 18:03:00-04:00,1.0849,1.0849,1.0848,1.0849,0,585,0.0
2024-06-02 18:04:00-04:00,1.0849,1.0849,1.0849,1.0849,0,519,0.0
2024-06-02 18:05:00-04:00,1.0849,1.0849,1.0849,1.0849,0,527,0.0
2024-06-02 18:06:00-04:00,1.0849,1.0849,1.0848,1.0849,0,504,0.0
2024-06-02 18:07:00-04:00,1.0849,1.0849,1.0849,1.0849,0,460,0.0
2024-06-02 18:08:00-04:00,1.0849,1.0849,1.0849,1.0849,0,493,0.0
2024-06-02 18:09:00-04:00,1.0849,1.0849,1.0849,1.0849,0,512,0.0
2024-06-02 18:10:00-04:00,1.0849,1.085,1.0849,1.085,0,552,0.0
2024-06-02 18:11:00-04:00,1.085,1.0851,1.085,1.0851,0,523,0.0
2024-06-02 18:12:00-04:00,1.0851,1.0851,1.085,1.0851,0,493,0.0
2024-06-02 18:13:00-04:00,1.0851,1.0852,1.0851,1.0852,0,569,0.0
2024-06-02 18:14:00-04:00,1.0852,1.0852,1.0852,1.0852,0,517,0.0
2024-06-02 18:15:00-04:00,1.0852,1.0852,1.0852,1.0852,0,577,0.0
2024-06-02 18:16:00-04:00,1.0852,1.0852,1.0852,1.0852,0,533,0.0
2024-06-02 18:17:00-04:00,1.0852,1.0854,1.0852,1.0853,0,572,0.0
2024-06-02 18:18:00-04:00,1.0853,1.0853,1.0853,1.0853,0,551,0.0
2024-06-02 18:19:00-04:00,1.0853,1.0854,1.0853,1.0854,0,579,0.0
2024-06-02 18:20:00-04:00,1.0854,1.0854,1.0854,1.0854,0,532,0.0
2024-06-02 18:21:00-04:00,1.0854,1.0854,1.0854,1.0854,0,515,0.0
2024-06-02 18:22:00-04:00,1.0854,1.0854,1.0854,1.0854,0,532,0.0
2024-06-02 18:23:00-04:00,1.0854,1.0854,1.0854,1.0854,0,515,0.0
2024-06-02 18:24:00-04:00,1.0854,1.0854,1.0854,1.0854,0,547,0.0
2024-06-02 18:25:00-04:00,1.0854,1.0854,1.0853,1.0853,0,552,0.0
2024-06-02 18:26:00-04:00,1.0853,1.0853,1.0853,1.0853,0,544,0.0
2024-06-02 18:27:00-04:00,1.0853,1.0853,1.0853,1.0853,0,520,0.0
2024-06-02 18:28:00-04:00,1.0853,1.0853,1.0853,1.0853,0,553,0.0
2024-06-02 18:29:00-04:00,1.0853,1.0853,1.0853,1.0853,0,542,0.0
2024-06-02 18:30:00-04:00,1.0853,1.0853,1.0852,1.0853,0,610,0.0
2024-06-02 18:31:00-04:00,1.0853,1.0853,1.0852,1.0853,0,581,0.0
2024-06-02 18:32:00-04:00,1.0853,1.0854,1.0853,1.0854,0,568,0.0
2024-06-02 18:33:00-04:00,1.0853,1.0854,1.0853,1.0853,0,562,0.0
2024-06-02 18:34:00-04:00,1.0853,1.0854,1.0853,1.0854,0,563,0.0
2024-06-02 18:35:00-04:00,1.0854,1.0854,1.0853,1.0854,0,613,0.0
2024-06-02 18:36:00-04:00,1.0854,1.0854,1.0854,1.0854,0,553,0.0
2024-06-02 18:37:00-04:00,1.0854,1.0854,1.0853,1.0854,0,608,0.0
2024-06-02 18:38:00-04:00,1.0854,1.0854,1.0853,1.0853,0,580,0.0
2024-06-02 18:39:00-04:00,1.0853,1.0854,1.0853,1.0854,0,570,0.0
2024-06-02 18:40:00-04:00,1.0854,1.0854,1.0853,1.0853,0,598,0.0
2024-06-02 18:41:00-04:00,1.0853,1.0853,1.0852,1.0853,0,531,0.0
2024-06-02 18:42:00-04:00,1.0853,1.0853,1.0853,1.0853,0,558,0.0
2024-06-02 18:43:00-04:00,1.0853,1.0853,1.0853,1.0853,0,546,0.0
2024-06-02 18:44:00-04:00,1.0853,1.0853,1.0853,1.0853,0,585,0.0
2024-06-02 18:45:00-04:00,1.0853,1.0853,1.0852,1.0853,0,596,0.0
2024-06-02 18:46:00-04:00,1.0853,1.0853,1.0852,1.0853,0,582,0.0
2024-06-02 18:47:00-04:00,1.0853,1.0853,1.0853,1.0853,0,583,0.0
2024-06-02 18:48:00-04:00,1.0853,1.0853,1.0852,1.0853,0,563,0.0
2024-06-02 18:49:00-04:00,1.0853,1.0853,1.0853,1.0853,0,519,0.0
2024-06-02 18:50:00-04:00,1.0853,1.0853,1.0853,1.0853,0,536,0.0
2024-06-02 18:51:00-04:00,1.0853,1.0853,1.0852,1.0852,0,583,0.0
2024-06-02 18:52:00-04:00,1.0852,1.0852,1.0852,1.0852,0,546,0.0
2024-06-02 18:53:00-04:00,1.0852,1.0852,1.0852,1.0852,0,590,0.0
2024-06-02 18:54:00-04:00,1.0852,1.0852,1.0852,1.0852,0,557,0.0
2024-06-02 18:55:00-04:00,1.0852,1.0852,1.0852,1.0852,0,526,0.0
2024-06-02 18:56:00-04:00,1.0852,1.0852,1.0852,1.0852,0,532,0.0
2024-06-02 18:57:00-04:00,1.0852,1.0852,1.0852,1.0852,0,537,0.0
2024-06-02 18:58:00-04:00,1.0852,1.0852,1.0851,1.0851,0,590,0.0
2024-06-02 18:59:00-04:00,1.0851,1.0852,1.0851,1.0851,0,549,0.0
2024-06-02 19:00:00-04:00,1.0851,1.0851,1.0851,1.0851,0,594,0.0
2024-06-02 19:01:00-04:00,1.0851,1.0851,1.0851,1.0851,0,577,0.0
2024-06-02 19:02:00-04:00,1.0851,1.0851,1.0851,1.0851,0,595,0.0
2024-06-02 19:03:00-04:00,1.0851,1.0851,1.0851,1.0851,0,528,0.0
2024-06-02 19:04:00-04:00,1.0851,1.0851,1.0851,1.0851,0,538,0.0
2024-06-02 19:05:00-04:00,1.0851,1.0852,1.0851,1.0852,0,555,0.0
2024-06-02 19:06:00-04:00,1.0852,1.0852,1.0851,1.0851,0,565,0.0
2024-06-02 19:07:00-04:00,1.0851,1.0851,1.0851,1.0851,0,545,0.0
2024-06-02 19:08:00-04:00,1.0851,1.0852,1.0851,1.0851,0,640,0.0
2024-06-02 19:09:00-04:00,1.0851,1.0851,1.0851,1.0851,0,572,0.0
2024-06-02 19:10:00-04:00,1.0851,1.0851,1.0851,1.0851,0,552,0.0
2024-06-02 19:11:00-04:00,1.0851,1.0851,1.0851,1.0851,0,567,0.0
2024-06-02 19:12:00-04:00,1.0851,1.0851,1.0851,1.0851,0,524,0.0
2024-06-02 19:13:00-04:00,1.0851,1.0851,1.0851,1.0851,0,564,0.0
2024-06-02 19:14:00-04:00,1.0851,1.0851,1.0851,1.0851,0,524,0.0
2024-06-02 19:15:00-04:00,1.0851,1.0851,1.0851,1.0851,0,581,0.0
2024-06-02 19:16:00-04:00,1.0851,1.0851,1.0851,1.0851,0,507,0.0
2024-06-02 19:17:00-04:00,1.0851,1.0851,1.0851,1.0851,0,534,0.0
2024-06-02 19:18:00-04:00,1.0851,1.0851,1.0851,1.0851,0,536,0.0
2024-06-02 19:19:00-04:00,1.0851,1.0851,1.085,1.085,0,526,0.0
2024-06-02 19:20:00-04:00,1.085,1.0851,1.085,1.0851,0,540,0.0
2024-06-02 19:21:00-04:00,1.0851,1.0851,1.0851,1.0851,0,552,0.0
2024-06-02 19:22:00-04:00,1.0851,1.0851,1.0851,1.0851,0,532,0.0
2024-06-02 19:23:00-04:00,1.0851,1.0851,1.0851,1.0851,0,539,0.0
2024-06-02 19:24:00-04:00,1.0851,1.0851,1.0851,1.0851,0,572,0.0
2024-06-02 19:25:00-04:00,1.0851,1.0851,1.0851,1.0851,0,530,0.0
2024-06-02 19:26:00-04:00,1.0851,1.0851,1.0851,1.0851,0,562,0.0
2024-06-02 19:27:00-04:00,1.0851,1.0851,1.0851,1.0851,0,584,0.0
2024-06-02 19:28:00-04:00,1.0851,1.0851,1.0851,1.0851,0,544,0.0
2024-06-02 19:29:00-04:00,1.0851,1.0851,1.0851,1.0851,0,545,0.0
2024-06-02 19:30:00-04:00,1.0851,1.0851,1.0851,1.0851,0,538,0.0
2024-06-02 19:31:00-04:00,1.0851,1.0851,1.0851,1.0851,0,552,0.0
2024-06-02 19:32:00-04:00,1.0851,1.0853,1.0851,1.0852,0,611,0.0
2024-06-02 19:33:00-04:00,1.0852,1.0852,1.0852,1.0852,0,538,0.0
2024-06-02 19:34:00-04:00,1.0852,1.0853,1.0852,1.0852,0,588,0.0
2024-06-02 19:35:00-04:00,1.0852,1.0852,1.0852,1.0852,0,526,0.0
2024-06-02 19:36:00-04:00,1.0852,1.0852,1.0852,1.0852,0,526,0.0
2024-06-02 19:37:00-04:00,1.0852,1.0852,1.0852,1.0852,0,584,0.0
2024-06-02 19:38:00-04:00,1.0852,1.0852,1.0852,1.0852,0,562,0.0
2024-06-02 19:39:00-04:00,1.0852,1.0853,1.0852,1.0852,0,538,0.0
2024-06-02 19:40:00-04:00,1.0852,1.0852,1.0852,1.0852,0,595,0.0
2024-06-02 19:41:00-04:00,1.0852,1.0852,1.0851,1.0851,0,608,0.0
2024-06-02 19:42:00-04:00,1.0851,1.0852,1.0851,1.0852,0,580,0.0
2024-06-02 19:43:00-04:00,1.0852,1.0852,1.0852,1.0852,0,527,0.0
2024-06-02 19:44:00-04:00,1.0852,1.0852,1.0852,1.0852,0,583,0.0
2024-06-02 19:45:00-04:00,1.0852,1.0852,1.0852,1.0852,0,551,0.0
2024-06-02 19:46:00-04:00,1.0852,1.0853,1.0852,1.0853,0,609,0.0
2024-06-02 19:47:00-04:00,1.0853,1.0853,1.0852,1.0852,0,564,0.0
2024-06-02 19:48:00-04:00,1.0852,1.0853,1.0852,1.0853,0,545,0.0
2024-06-02 19:49:00-04:00,1.0853,1.0853,1.0852,1.0852,0,584,0.0
2024-06-02 19:50:00-04:00,1.0852,1.0852,1.0852,1.0852,0,517,0.0
2024-06-02 19:51:00-04:00,1.0852,1.0853,1.0852,1.0853,0,571,0.0
2024-06-02 19:52:00-04:00,1.0853,1.0853,1.0852,1.0853,0,571,0.0
2024-06-02 19:53:00-04:00,1.0853,1.0853,1.0852,1.0852,0,542,0.0
2024-06-02 19:54:00-04:00,1.0852,1.0853,1.0852,1.0853,0,565,0.0
2024-06-02 19:55:00-04:00,1.0853,1.0853,1.0853,1.0853,0,572,0.0
2024-06-02 19:56:00-04:00,1.0853,1.0853,1.0853,1.0853,0,599,0.0
2024-06-02 19:57:00-04:00,1.0853,1.0853,1.0852,1.0853,0,572,0.0
2024-06-02 19:58:00-04:00,1.0852,1.0853,1.0852,1.0853,0,578,0.0
2024-06-02 19:59:00-04:00,1.0853,1.0853,1.0853,1.0853,0,607,0.0
2024-06-02 20:00:00-04:00,1.0853,1.0853,1.0852,1.0852,0,730,0.0
2024-06-02 20:01:00-04:00,1.0852,1.0852,1.0852,1.0852,0,643,0.0
2024-06-02 20:02:00-04:00,1.0852,1.0853,1.0852,1.0853,0,641,0.0
2024-06-02 20:03:00-04:00,1.0853,1.0854,1.0853,1.0853,0,694,0.0
2024-06-02 20:04:00-04:00,1.0853,1.0854,1.0853,1.0853,0,620,0.0
2024-06-02 20:05:00-04:00,1.0853,1.0853,1.0852,1.0852,0,712,0.0
2024-06-02 20:06:00-04:00,1.0852,1.0852,1.0851,1.0851,0,608,0.0
2024-06-02 20:07:00-04:00,1.0851,1.0852,1.0851,1.0852,0,638,0.0
2024-06-02 20:08:00-04:00,1.0852,1.0852,1.0852,1.0852,0,625,0.0
2024-06-02 20:09:00-04:00,1.0852,1.0853,1.0851,1.0852,0,669,0.0
2024-06-02 20:10:00-04:00,1.0852,1.0852,1.0852,1.0852,0,656,0.0
2024-06-02 20:11:00-04:00,1.0852,1.0853,1.0851,1.0853,0,668,0.0
2024-06-02 20:12:00-04:00,1.0853,1.0853,1.0853,1.0853,0,616,0.0
2024-06-02 20:13:00-04:00,1.0853,1.0854,1.0853,1.0854,0,674,0.0
2024-06-02 20:14:00-04:00,1.0854,1.0854,1.0854,1.0854,0,654,0.0
2024-06-02 20:15:00-04:00,1.0854,1.0854,1.0854,1.0854,0,637,0.0
2024-06-02 20:16:00-04:00,1.0854,1.0854,1.0854,1.0854,0,622,0.0
2024-06-02 20:17:00-04:00,1.0854,1.0855,1.0854,1.0854,0,646,0.0
2024-06-02 20:18:00-04:00,1.0854,1.0855,1.0854,1.0855,0,626,0.0
2024-06-02 20:19:00-04:00,1.0855,1.0855,1.0854,1.0855,0,584,0.0
2024-06-02 20:20:00-04:00,1.0855,1.0855,1.0854,1.0854,0,616,0.0
2024-06-02 20:21:00-04:00,1.0854,1.0854,1.0854,1.0854,0,623,0.0
2024-06-02 20:22:00-04:00,1.0854,1.0854,1.0854,1.0854,0,617,0.0
2024-06-02 20:23:00-04:00,1.0854,1.0855,1.0854,1.0855,0,612,0.0
2024-06-02 20:24:00-04:00,1.0855,1.0855,1.0855,1.0855,0,673,0.0
2024-06-02 20:25:00-04:00,1.0855,1.0855,1.0855,1.0855,0,600,0.0
2024-06-02 20:26:00-04:00,1.0855,1.0855,1.0855,1.0855,0,618,0.0
2024-06-02 20:27:00-04:00,1.0855,1.0855,1.0855,1.0855,0,709,0.0
2024-06-02 20:28:00-04:00,1.0855,1.0855,1.0855,1.0855,0,613,0.0
2024-06-02 20:29:00-04:00,1.0855,1.0856,1.0855,1.0855,0,701,0.0
2024-06-02 20:30:00-04:00,1.0855,1.0855,1.0854,1.0854,0,659,0.0
2024-06-02 20:31:00-04:00,1.0854,1.0855,1.0854,1.0854,0,649,0.0
2024-06-02 20:32:00-04:00,1.0854,1.0855,1.0854,1.0855,0,605,0.0
2024-06-02 20:33:00-04:00,1.0855,1.0855,1.0853,1.0854,0,642,0.0
2024-06-02 20:34:00-04:00,1.0854,1.0854,1.0853,1.0854,0,593,0.0
2024-06-02 20:35:00-04:00,1.0854,1.0854,1.0854,1.0854,0,593,0.0
2024-06-02 20:36:00-04:00,1.0854,1.0854,1.0853,1.0854,0,630,0.0
2024-06-02 20:37:00-04:00,1.0854,1.0854,1.0853,1.0854,0,633,0.0
2024-06-02 20:38:00-04:00,1.0854,1.0854,1.0853,1.0853,0,608,0.0
2024-06-02 20:39:00-04:00,1.0853,1.0853,1.0853,1.0853,0,649,0.0
2024-06-02 20:40:00-04:00,1.0853,1.0853,1.0853,1.0853,0,590,0.0
2024-06-02 20:41:00-04:00,1.0853,1.0854,1.0853,1.0853,0,612,0.0
2024-06-02 20:42:00-04:00,1.0853,1.0854,1.0853,1.0853,0,595,0.0
2024-06-02 20:43:00-04:00,1.0853,1.0853,1.0853,1.0853,0,583,0.0
2024-06-02 20:44:00-04:00,1.0853,1.0854,1.0853,1.0854,0,589,0.0
2024-06-02 20:45:00-04:00,1.0854,1.0855,1.0854,1.0855,0,661,0.0
2024-06-02 20:46:00-04:00,1.0855,1.0856,1.0855,1.0856,0,659,0.0
2024-06-02 20:47:00-04:00,1.0856,1.0856,1.0855,1.0855,0,651,0.0
2024-06-02 20:48:00-04:00,1.0855,1.0855,1.0855,1.0855,0,713,0.0
2024-06-02 20:49:00-04:00,1.0855,1.0855,1.0855,1.0855,0,600,0.0
2024-06-02 20:50:00-04:00,1.0855,1.0856,1.0855,1.0856,0,663,0.0
2024-06-02 20:51:00-04:00,1.0856,1.0857,1.0856,1.0856,0,658,0.0
2024-06-02 20:52:00-04:00,1.0856,1.0857,1.0856,1.0856,0,664,0.0
2024-06-02 20:53:00-04:00,1.0856,1.0856,1.0856,1.0856,0,585,0.0
2024-06-02 20:54:00-04:00,1.0856,1.0857,1.0856,1.0857,0,729,0.0
2024-06-02 20:55:00-04:00,1.0857,1.0857,1.0857,1.0857,0,637,0.0
2024-06-02 20:56:00-04:00,1.0857,1.0858,1.0857,1.0857,0,669,0.0
2024-06-02 20:57:00-04:00,1.0857,1.0857,1.0857,1.0857,0,638,0.0
2024-06-02 20:58:00-04:00,1.0857,1.0857,1.0857,1.0857,0,671,0.0
2024-06-02 20:59:00-04:00,1.0857,1.0857,1.0856,1.0857,0,609,0.0
2024-06-02 21:00:00-04:00,1.0857,1.0857,1.0857,1.0857,0,742,0.0
2024-06-02 21:01:00-04:00,1.0857,1.0858,1.0857,1.0857,0,687,0.0
2024-06-02 21:02:00-04:00,1.0857,1.0858,1.0857,1.0857,0,685,0.0
2024-06-02 21:03:00-04:00,1.0857,1.0857,1.0857,1.0857,0,615,0.0
2024-06-02 21:04:00-04:00,1.0857,1.0857,1.0857,1.0857,0,636,0.0
2024-06-02 21:05:00-04:00,1.0857,1.0857,1.0857,1.0857,0,636,0.0
2024-06-02 21:06:00-04:00,1.0857,1.0857,1.0856,1.0856,0,648,0.0
2024-06-02 21:07:00-04:00,1.0856,1.0857,1.0856,1.0856,0,650,0.0
2024-06-02 21:08:00-04:00,1.0856,1.0857,1.0856,1.0856,0,629,0.0
2024-06-02 21:09:00-04:00,1.0856,1.0856,1.0856,1.0856,0,640,0.0
2024-06-02 21:10:00-04:00,1.0856,1.0856,1.0856,1.0856,0,625,0.0
2024-06-02 21:11:00-04:00,1.0856,1.0857,1.0856,1.0856,0,677,0.0
2024-06-02 21:12:00-04:00,1.0856,1.0856,1.0855,1.0855,0,624,0.0
2024-06-02 21:13:00-04:00,1.0855,1.0856,1.0855,1.0855,0,618,0.0
2024-06-02 21:14:00-04:00,1.0855,1.0856,1.0855,1.0856,0,662,0.0
2024-06-02 21:15:00-04:00,1.0856,1.0857,1.0856,1.0857,0,680,0.0
2024-06-02 21:16:00-04:00,1.0857,1.0857,1.0856,1.0856,0,637,0.0
2024-06-02 21:17:00-04:00,1.0856,1.0857,1.0856,1.0856,0,662,0.0
2024-06-02 21:18:00-04:00,1.0856,1.0857,1.0856,1.0856,0,641,0.0
2024-06-02 21:19:00-04:00,1.0856,1.0856,1.0856,1.0856,0,654,0.0
2024-06-02 21:20:00-04:00,1.0856,1.0856,1.0855,1.0855,0,799,0.0
2024-06-02 21:21:00-04:00,1.0855,1.0856,1.0855,1.0856,0,686,0.0
2024-06-02 21:22:00-04:00,1.0856,1.0856,1.0855,1.0856,0,699,0.0
2024-06-02 21:23:00-04:00,1.0856,1.0856,1.0855,1.0855,0,613,0.0
2024-06-02 21:24:00-04:00,1.0855,1.0855,1.0855,1.0855,0,644,0.0
2024-06-02 21:25:00-04:00,1.0855,1.0856,1.0855,1.0856,0,657,0.0
2024-06-02 21:26:00-04:00,1.0856,1.0856,1.0856,1.0856,0,620,0.0
2024-06-02 21:27:00-04:00,1.0856,1.0856,1.0855,1.0855,0,620,0.0
2024-06-02 21:28:00-04:00,1.0855,1.0856,1.0855,1.0856,0,630,0.0
2024-06-02 21:29:00-04:00,1.0856,1.0856,1.0855,1.0856,0,626,0.0
2024-06-02 21:30:00-04:00,1.0856,1.0856,1.0855,1.0855,0,621,0.0
2024-06-02 21:31:00-04:00,1.0855,1.0856,1.0855,1.0855,0,706,0.0
2024-06-02 21:32:00-04:00,1.0855,1.0855,1.0855,1.0855,0,630,0.0
2024-06-02 21:33:00-04:00,1.0855,1.0855,1.0855,1.0855,0,681,0.0
2024-06-02 21:34:00-04:00,1.0855,1.0855,1.0855,1.0855,0,614,0.0
2024-06-02 21:35:00-04:00,1.0855,1.0855,1.0855,1.0855,0,627,0.0
2024-06-02 21:36:00-04:00,1.0855,1.0856,1.0855,1.0856,0,626,0.0
2024-06-02 21:37:00-04:00,1.0856,1.0857,1.0856,1.0857,0,642,0.0
2024-06-02 21:38:00-04:00,1.0857,1.0858,1.0857,1.0857,0,634,0.0
2024-06-02 21:39:00-04:00,1.0857,1.0857,1.0857,1.0857,0,589,0.0
2024-06-02 21:40:00-04:00,1.0857,1.0857,1.0857,1.0857,0,617,0.0
2024-06-02 21:41:00-04:00,1.0857,1.0857,1.0857,1.0857,0,609,0.0
2024-06-02 21:42:00-04:00,1.0857,1.0857,1.0857,1.0857,0,585,0.0
2024-06-02 21:43:00-04:00,1.0857,1.0857,1.0857,1.0857,0,628,0.0
2024-06-02 21:44:00-04:00,1.0857,1.0858,1.0857,1.0858,0,600,0.0
2024-06-02 21:45:00-04:00,1.0858,1.0858,1.0858,1.0858,0,588,0.0
2024-06-02 21:46:00-04:00,1.0858,1.0859,1.0858,1.0859,0,640,0.0
2024-06-02 21:47:00-04:00,1.0859,1.0859,1.0858,1.0858,0,626,0.0
2024-06-02 21:48:00-04:00,1.0858,1.0858,1.0858,1.0858,0,616,0.0
2024-06-02 21:49:00-04:00,1.0858,1.0858,1.0858,1.0858,0,613,0.0
2024-06-02 21:50:00-04:00,1.0858,1.0858,1.0858,1.0858,0,613,0.0
2024-06-02 21:51:00-04:00,1.0858,1.0858,1.0858,1.0858,0,627,0.0
2024-06-02 21:52:00-04:00,1.0858,1.0859,1.0858,1.0859,0,725,0.0
2024-06-02 21:53:00-04:00,1.0859,1.0859,1.0858,1.0858,0,658,0.0
2024-06-02 21:54:00-04:00,1.0858,1.0858,1.0857,1.0858,0,649,0.0
2024-06-02 21:55:00-04:00,1.0858,1.0858,1.0857,1.0858,0,612,0.0
2024-06-02 21:56:00-04:00,1.0858,1.0858,1.0858,1.0858,0,593,0.0
2024-06-02 21:57:00-04:00,1.0858,1.0858,1.0858,1.0858,0,613,0.0
2024-06-02 21:58:00-04:00,1.0858,1.0858,1.0858,1.0858,0,620,0.0
2024-06-02 21:59:00-04:00,1.0858,1.0858,1.0857,1.0858,0,604,0.0
2024-06-02 22:00:00-04:00,1.0858,1.0858,1.0858,1.0858,0,643,0.0
2024-06-02 22:01:00-04:00,1.0858,1.0858,1.0857,1.0857,0,654,0.0
2024-06-02 22:02:00-04:00,1.0857,1.0858,1.0857,1.0857,0,654,0.0
2024-06-02 22:03:00-04:00,1.0857,1.0858,1.0857,1.0857,0,665,0.0
2024-06-02 22:04:00-04:00,1.0857,1.0857,1.0857,1.0857,0,615,0.0
2024-06-02 22:05:00-04:00,1.0857,1.0857,1.0855,1.0855,0,667,0.0
2024-06-02 22:06:00-04:00,1.0855,1.0855,1.0854,1.0855,0,683,0.0
2024-06-02 22:07:00-04:00,1.0855,1.0855,1.0855,1.0855,0,612,0.0
2024-06-02 22:08:00-04:00,1.0855,1.0855,1.0854,1.0854,0,664,0.0
2024-06-02 22:09:00-04:00,1.0854,1.0854,1.0854,1.0854,0,653,0.0
2024-06-02 22:10:00-04:00,1.0854,1.0854,1.0853,1.0853,0,656,0.0
2024-06-02 22:11:00-04:00,1.0853,1.0854,1.0853,1.0853,0,599,0.0
2024-06-02 22:12:00-04:00,1.0853,1.0854,1.0853,1.0853,0,633,0.0
2024-06-02 22:13:00-04:00,1.0853,1.0853,1.0853,1.0853,0,581,0.0
2024-06-02 22:14:00-04:00,1.0853,1.0853,1.0853,1.0853,0,608,0.0
2024-06-02 22:15:00-04:00,1.0853,1.0853,1.0853,1.0853,0,589,0.0
2024-06-02 22:16:00-04:00,1.0853,1.0853,1.0853,1.0853,0,617,0.0
2024-06-02 22:17:00-04:00,1.0853,1.0853,1.0852,1.0852,0,639,0.0
2024-06-02 22:18:00-04:00,1.0852,1.0853,1.0852,1.0853,0,639,0.0
2024-06-02 22:19:00-04:00,1.0853,1.0853,1.0853,1.0853,0,589,0.0
2024-06-02 22:20:00-04:00,1.0853,1.0853,1.0853,1.0853,0,616,0.0
2024-06-02 22:21:00-04:00,1.0853,1.0853,1.0852,1.0852,0,649,0.0
2024-06-02 22:22:00-04:00,1.0852,1.0852,1.0852,1.0852,0,630,0.0
2024-06-02 22:23:00-04:00,1.0852,1.0853,1.0852,1.0852,0,617,0.0
2024-06-02 22:24:00-04:00,1.0852,1.0852,1.0852,1.0852,0,595,0.0
2024-06-02 22:25:00-04:00,1.0852,1.0853,1.0852,1.0853,0,613,0.0
2024-06-02 22:26:00-04:00,1.0853,1.0853,1.0852,1.0852,0,597,0.0
2024-06-02 22:27:00-04:00,1.0852,1.0852,1.0852,1.0852,0,626,0.0
2024-06-02 22:28:00-04:00,1.0852,1.0853,1.0852,1.0852,0,608,0.0
2024-06-02 22:29:00-04:00,1.0852,1.0853,1.0852,1.0853,0,611,0.0
2024-06-02 22:30:00-04:00,1.0853,1.0853,1.0853,1.0853,0,623,0.0
2024-06-02 22:31:00-04:00,1.0853,1.0853,1.0853,1.0853,0,596,0.0
2024-06-02 22:32:00-04:00,1.0853,1.0853,1.0853,1.0853,0,615,0.0
2024-06-02 22:33:00-04:00,1.0853,1.0853,1.0853,1.0853,0,590,0.0
2024-06-02 22:34:00-04:00,1.0853,1.0853,1.0853,1.0853,0,575,0.0
2024-06-02 22:35:00-04:00,1.0853,1.0853,1.0853,1.0853,0,595,0.0
2024-06-02 22:36:00-04:00,1.0853,1.0854,1.0853,1.0853,0,628,0.0
2024-06-02 22:37:00-04:00,1.0853,1.0854,1.0853,1.0853,0,584,0.0
2024-06-02 22:38:00-04:00,1.0853,1.0853,1.0853,1.0853,0,565,0.0
2024-06-02 22:39:00-04:00,1.0853,1.0853,1.0853,1.0853,0,604,0.0
2024-06-02 22:40:00-04:00,1.0853,1.0854,1.0853,1.0854,0,605,0.0
2024-06-02 22:41:00-04:00,1.0854,1.0854,1.0854,1.0854,0,594,0.0
2024-06-02 22:42:00-04:00,1.0854,1.0854,1.0854,1.0854,0,589,0.0
2024-06-02 22:43:00-04:00,1.0854,1.0854,1.0854,1.0854,0,591,0.0
2024-06-02 22:44:00-04:00,1.0854,1.0854,1.0854,1.0854,0,602,0.0
2024-06-02 22:45:00-04:00,1.0854,1.0855,1.0854,1.0854,0,617,0.0
2024-06-02 22:46:00-04:00,1.0854,1.0855,1.0854,1.0854,0,602,0.0
2024-06-02 22:47:00-04:00,1.0854,1.0854,1.0854,1.0854,0,612,0.0
2024-06-02 22:48:00-04:00,1.0854,1.0854,1.0854,1.0854,0,598,0.0
2024-06-02 22:49:00-04:00,1.0854,1.0854,1.0854,1.0854,0,613,0.0
2024-06-02 22:50:00-04:00,1.0854,1.0854,1.0854,1.0854,0,583,0.0
2024-06-02 22:51:00-04:00,1.0854,1.0854,1.0854,1.0854,0,628,0.0
2024-06-02 22:52:00-04:00,1.0854,1.0854,1.0854,1.0854,0,590,0.0
2024-06-02 22:53:00-04:00,1.0854,1.0854,1.0853,1.0854,0,586,0.0
2024-06-02 22:54:00-04:00,1.0854,1.0854,1.0854,1.0854,0,599,0.0
2024-06-02 22:55:00-04:00,1.0854,1.0854,1.0854,1.0854,0,588,0.0
2024-06-02 22:56:00-04:00,1.0854,1.0854,1.0853,1.0854,0,591,0.0
2024-06-02 22:57:00-04:00,1.0854,1.0854,1.0854,1.0854,0,594,0.0
2024-06-02 22:58:00-04:00,1.0854,1.0854,1.0854,1.0854,0,629,0.0
2024-06-02 22:59:00-04:00,1.0854,1.0854,1.0854,1.0854,0,615,0.0
2024-06-02 23:00:00-04:00,1.0854,1.0854,1.0854,1.0854,0,621,0.0
2024-06-02 23:01:00-04:00,1.0854,1.0854,1.0854,1.0854,0,591,0.0
2024-06-02 23:02:00-04:00,1.0854,1.0854,1.0853,1.0854,0,653,0.0
2024-06-02 23:03:00-04:00,1.0854,1.0854,1.0853,1.0854,0,619,0.0
2024-06-02 23:04:00-04:00,1.0854,1.0854,1.0854,1.0854,0,567,0.0
2024-06-02 23:05:00-04:00,1.0854,1.0854,1.0854,1.0854,0,593,0.0
2024-06-02 23:06:00-04:00,1.0854,1.0855,1.0854,1.0855,0,610,0.0
2024-06-02 23:07:00-04:00,1.0855,1.0856,1.0855,1.0856,0,618,0.0
2024-06-02 23:08:00-04:00,1.0856,1.0856,1.0856,1.0856,0,599,0.0
2024-06-02 23:09:00-04:00,1.0856,1.0856,1.0855,1.0856,0,612,0.0
2024-06-02 23:10:00-04:00,1.0856,1.0856,1.0856,1.0856,0,601,0.0
2024-06-02 23:11:00-04:00,1.0856,1.0857,1.0856,1.0857,0,616,0.0
2024-06-02 23:12:00-04:00,1.0857,1.0857,1.0857,1.0857,0,564,0.0
2024-06-02 23:13:00-04:00,1.0857,1.0857,1.0856,1.0856,0,601,0.0
2024-06-02 23:14:00-04:00,1.0856,1.0856,1.0856,1.0856,0,563,0.0
2024-06-02 23:15:00-04:00,1.0856,1.0856,1.0856,1.0856,0,591,0.0
2024-06-02 23:16:00-04:00,1.0856,1.0856,1.0856,1.0856,0,542,0.0
2024-06-02 23:17:00-04:00,1.0856,1.0856,1.0856,1.0856,0,569,0.0
2024-06-02 23:18:00-04:00,1.0856,1.0856,1.0855,1.0855,0,571,0.0
2024-06-02 23:19:00-04:00,1.0855,1.0855,1.0855,1.0855,0,609,0.0
2024-06-02 23:20:00-04:00,1.0855,1.0855,1.0854,1.0854,0,664,0.0
2024-06-02 23:21:00-04:00,1.0854,1.0854,1.0854,1.0854,0,600,0.0
2024-06-02 23:22:00-04:00,1.0854,1.0855,1.0854,1.0855,0,599,0.0
2024-06-02 23:23:00-04:00,1.0855,1.0855,1.0854,1.0854,0,656,0.0
2024-06-02 23:24:00-04:00,1.0854,1.0855,1.0854,1.0855,0,598,0.0
2024-06-02 23:25:00-04:00,1.0855,1.0855,1.0854,1.0854,0,608,0.0
2024-06-02 23:26:00-04:00,1.0855,1.0855,1.0854,1.0854,0,635,0.0
2024-06-02 23:27:00-04:00,1.0854,1.0854,1.0853,1.0854,0,612,0.0
2024-06-02 23:28:00-04:00,1.0854,1.0854,1.0854,1.0854,0,638,0.0
2024-06-02 23:29:00-04:00,1.0854,1.0854,1.0853,1.0854,0,657,0.0
2024-06-02 23:30:00-04:00,1.0854,1.0854,1.0852,1.0853,0,629,0.0
2024-06-02 23:31:00-04:00,1.0853,1.0853,1.0852,1.0853,0,629,0.0
2024-06-02 23:32:00-04:00,1.0853,1.0853,1.0853,1.0853,0,605,0.0
2024-06-02 23:33:00-04:00,1.0853,1.0853,1.0852,1.0852,0,632,0.0
2024-06-02 23:34:00-04:00,1.0852,1.0852,1.0851,1.0852,0,641,0.0
2024-06-02 23:35:00-04:00,1.0852,1.0852,1.0852,1.0852,0,644,0.0
2024-06-02 23:36:00-04:00,1.0852,1.0852,1.0852,1.0852,0,624,0.0
2024-06-02 23:37:00-04:00,1.0852,1.0853,1.0852,1.0853,0,617,0.0
2024-06-02 23:38:00-04:00,1.0853,1.0853,1.0852,1.0852,0,639,0.0
2024-06-02 23:39:00-04:00,1.0852,1.0853,1.0852,1.0852,0,645,0.0
2024-06-02 23:40:00-04:00,1.0852,1.0853,1.0852,1.0852,0,626,0.0
2024-06-02 23:41:00-04:00,1.0852,1.0852,1.0851,1.0851,0,637,0.0
2024-06-02 23:42:00-04:00,1.0851,1.0851,1.0851,1.0851,0,618,0.0
2024-06-02 23:43:00-04:00,1.0851,1.0852,1.0851,1.0852,0,609,0.0
2024-06-02 23:44:00-04:00,1.0852,1.0852,1.0852,1.0852,0,595,0.0
2024-06-02 23:45:00-04:00,1.0852,1.0852,1.0852,1.0852,0,604,0.0
2024-06-02 23:46:00-04:00,1.0852,1.0852,1.0852,1.0852,0,596,0.0
2024-06-02 23:47:00-04:00,1.0852,1.0853,1.0852,1.0853,0,597,0.0
2024-06-02 23:48:00-04:00,1.0853,1.0853,1.0852,1.0852,0,576,0.0
2024-06-02 23:49:00-04:00,1.0852,1.0852,1.0852,1.0852,0,629,0.0
2024-06-02 23:50:00-04:00,1.0852,1.0852,1.0851,1.0851,0,638,0.0
2024-06-02 23:51:00-04:00,1.0851,1.0852,1.0851,1.0851,0,684,0.0
2024-06-02 23:52:00-04:00,1.0851,1.0851,1.085,1.085,0,608,0.0
2024-06-02 23:53:00-04:00,1.085,1.0851,1.085,1.085,0,618,0.0
2024-06-02 23:54:00-04:00,1.085,1.085,1.0849,1.0849,0,625,0.0
2024-06-02 23:55:00-04:00,1.0849,1.085,1.0849,1.085,0,632,0.0
2024-06-02 23:56:00-04:00,1.085,1.085,1.0849,1.0849,0,618,0.0
2024-06-02 23:57:00-04:00,1.0849,1.085,1.0849,1.085,0,619,0.0
2024-06-02 23:58:00-04:00,1.085,1.085,1.085,1.085,0,607,0.0
2024-06-02 23:59:00-04:00,1.085,1.085,1.085,1.085,0,588,0.0
2024-06-03 00:00:00-04:00,1.085,1.085,1.0849,1.0849,0,614,0.0
2024-06-03 00:01:00-04:00,1.0849,1.0851,1.0849,1.0851,0,700,0.0
2024-06-03 00:02:00-04:00,1.0851,1.0851,1.0851,1.0851,0,655,0.0
2024-06-03 00:03:00-04:00,1.0851,1.0851,1.0851,1.0851,0,609,0.0
2024-06-03 00:04:00-04:00,1.0851,1.0852,1.0851,1.0852,0,648,0.0
2024-06-03 00:05:00-04:00,1.0852,1.0853,1.0852,1.0852,0,636,0.0
2024-06-03 00:06:00-04:00,1.0852,1.0853,1.0852,1.0853,0,580,0.0
2024-06-03 00:07:00-04:00,1.0853,1.0853,1.0852,1.0852,0,638,0.0
2024-06-03 00:08:00-04:00,1.0852,1.0852,1.0852,1.0852,0,570,0.0
2024-06-03 00:09:00-04:00,1.0852,1.0852,1.0852,1.0852,0,591,0.0
2024-06-03 00:10:00-04:00,1.0852,1.0852,1.0852,1.0852,0,588,0.0
2024-06-03 00:11:00-04:00,1.0852,1.0852,1.0852,1.0852,0,583,0.0
2024-06-03 00:12:00-04:00,1.0852,1.0852,1.0852,1.0852,0,565,0.0
2024-06-03 00:13:00-04:00,1.0852,1.0852,1.0852,1.0852,0,607,0.0
2024-06-03 00:14:00-04:00,1.0852,1.0853,1.0852,1.0852,0,596,0.0
2024-06-03 00:15:00-04:00,1.0852,1.0852,1.0852,1.0852,0,610,0.0
2024-06-03 00:16:00-04:00,1.0852,1.0852,1.0852,1.0852,0,595,0.0
2024-06-03 00:17:00-04:00,1.0852,1.0852,1.0852,1.0852,0,579,0.0
2024-06-03 00:18:00-04:00,1.0852,1.0852,1.0852,1.0852,0,554,0.0
2024-06-03 00:19:00-04:00,1.0852,1.0852,1.0852,1.0852,0,586,0.0
2024-06-03 00:20:00-04:00,1.0852,1.0853,1.0852,1.0853,0,580,0.0
2024-06-03 00:21:00-04:00,1.0853,1.0853,1.0853,1.0853,0,606,0.0
2024-06-03 00:22:00-04:00,1.0853,1.0854,1.0853,1.0854,0,571,0.0
2024-06-03 00:23:00-04:00,1.0854,1.0854,1.0854,1.0854,0,579,0.0
2024-06-03 00:24:00-04:00,1.0854,1.0854,1.0854,1.0854,0,566,0.0
2024-06-03 00:25:00-04:00,1.0854,1.0854,1.0854,1.0854,0,561,0.0
2024-06-03 00:26:00-04:00,1.0854,1.0854,1.0854,1.0854,0,562,0.0
2024-06-03 00:27:00-04:00,1.0854,1.0854,1.0854,1.0854,0,584,0.0
2024-06-03 00:28:00-04:00,1.0854,1.0855,1.0854,1.0854,0,601,0.0
2024-06-03 00:29:00-04:00,1.0854,1.0854,1.0854,1.0854,0,604,0.0
2024-06-03 00:30:00-04:00,1.0854,1.0855,1.0854,1.0855,0,588,0.0
2024-06-03 00:31:00-04:00,1.0855,1.0855,1.0854,1.0854,0,581,0.0
2024-06-03 00:32:00-04:00,1.0854,1.0855,1.0854,1.0854,0,611,0.0
2024-06-03 00:33:00-04:00,1.0854,1.0854,1.0854,1.0854,0,556,0.0
2024-06-03 00:34:00-04:00,1.0854,1.0854,1.0854,1.0854,0,574,0.0
2024-06-03 00:35:00-04:00,1.0854,1.0854,1.0854,1.0854,0,567,0.0
2024-06-03 00:36:00-04:00,1.0854,1.0854,1.0854,1.0854,0,597,0.0
2024-06-03 00:37:00-04:00,1.0854,1.0854,1.0854,1.0854,0,589,0.0
2024-06-03 00:38:00-04:00,1.0854,1.0854,1.0854,1.0854,0,612,0.0
2024-06-03 00:39:00-04:00,1.0854,1.0854,1.0854,1.0854,0,587,0.0
2024-06-03 00:40:00-04:00,1.0854,1.0854,1.0854,1.0854,0,601,0.0
2024-06-03 00:41:00-04:00,1.0854,1.0854,1.0853,1.0854,0,562,0.0
2024-06-03 00:42:00-04:00,1.0854,1.0854,1.0853,1.0853,0,606,0.0
2024-06-03 00:43:00-04:00,1.0853,1.0853,1.0853,1.0853,0,542,0.0
2024-06-03 00:44:00-04:00,1.0853,1.0853,1.0853,1.0853,0,587,0.0
2024-06-03 00:45:00-04:00,1.0853,1.0853,1.0853,1.0853,0,574,0.0
2024-06-03 00:46:00-04:00,1.0853,1.0853,1.0853,1.0853,0,596,0.0
2024-06-03 00:47:00-04:00,1.0853,1.0854,1.0853,1.0853,0,603,0.0
2024-06-03 00:48:00-04:00,1.0853,1.0854,1.0853,1.0854,0,612,0.0
2024-06-03 00:49:00-04:00,1.0854,1.0854,1.0854,1.0854,0,603,0.0
2024-06-03 00:50:00-04:00,1.0854,1.0854,1.0853,1.0853,0,577,0.0
2024-06-03 00:51:00-04:00,1.0853,1.0854,1.0853,1.0853,0,598,0.0
2024-06-03 00:52:00-04:00,1.0853,1.0853,1.0853,1.0853,0,570,0.0
2024-06-03 00:53:00-04:00,1.0853,1.0853,1.0853,1.0853,0,594,0.0
2024-06-03 00:54:00-04:00,1.0853,1.0853,1.0853,1.0853,0,605,0.0
2024-06-03 00:55:00-04:00,1.0853,1.0853,1.0853,1.0853,0,554,0.0
2024-06-03 00:56:00-04:00,1.0853,1.0853,1.0852,1.0853,0,597,0.0
2024-06-03 00:57:00-04:00,1.0853,1.0853,1.0852,1.0852,0,596,0.0
2024-06-03 00:58:00-04:00,1.0852,1.0852,1.0852,1.0852,0,544,0.0
2024-06-03 00:59:00-04:00,1.0852,1.0852,1.0852,1.0852,0,600,0.0
2024-06-03 01:00:00-04:00,1.0852,1.0852,1.0851,1.0852,0,660,0.0
2024-06-03 01:01:00-04:00,1.0852,1.0852,1.0852,1.0852,0,611,0.0
2024-06-03 01:02:00-04:00,1.0852,1.0852,1.0852,1.0852,0,586,0.0
2024-06-03 01:03:00-04:00,1.0852,1.0852,1.0851,1.0852,0,624,0.0
2024-06-03 01:04:00-04:00,1.0852,1.0852,1.0851,1.0851,0,606,0.0
2024-06-03 01:05:00-04:00,1.0851,1.0851,1.0851,1.0851,0,593,0.0
2024-06-03 01:06:00-04:00,1.0851,1.0851,1.0851,1.0851,0,605,0.0
2024-06-03 01:07:00-04:00,1.0851,1.0852,1.0851,1.0852,0,596,0.0
2024-06-03 01:08:00-04:00,1.0852,1.0852,1.0851,1.0852,0,625,0.0
2024-06-03 01:09:00-04:00,1.0852,1.0852,1.0852,1.0852,0,623,0.0
2024-06-03 01:10:00-04:00,1.0852,1.0853,1.0852,1.0853,0,697,0.0
2024-06-03 01:11:00-04:00,1.0853,1.0854,1.0853,1.0853,0,690,0.0
2024-06-03 01:12:00-04:00,1.0853,1.0854,1.0853,1.0854,0,609,0.0
2024-06-03 01:13:00-04:00,1.0854,1.0854,1.0853,1.0854,0,613,0.0
2024-06-03 01:14:00-04:00,1.0854,1.0854,1.0854,1.0854,0,596,0.0
2024-06-03 01:15:00-04:00,1.0854,1.0854,1.0854,1.0854,0,591,0.0
2024-06-03 01:16:00-04:00,1.0854,1.0854,1.0854,1.0854,0,579,0.0
2024-06-03 01:17:00-04:00,1.0854,1.0854,1.0854,1.0854,0,595,0.0
2024-06-03 01:18:00-04:00,1.0854,1.0854,1.0853,1.0853,0,618,0.0
2024-06-03 01:19:00-04:00,1.0853,1.0853,1.0853,1.0853,0,588,0.0
2024-06-03 01:20:00-04:00,1.0853,1.0853,1.0852,1.0852,0,621,0.0
2024-06-03 01:21:00-04:00,1.0852,1.0852,1.0852,1.0852,0,580,0.0
2024-06-03 01:22:00-04:00,1.0852,1.0853,1.0852,1.0853,0,602,0.0
2024-06-03 01:23:00-04:00,1.0853,1.0853,1.0853,1.0853,0,561,0.0
2024-06-03 01:24:00-04:00,1.0853,1.0853,1.0853,1.0853,0,596,0.0
2024-06-03 01:25:00-04:00,1.0853,1.0853,1.0853,1.0853,0,592,0.0
2024-06-03 01:26:00-04:00,1.0853,1.0853,1.0853,1.0853,0,612,0.0
2024-06-03 01:27:00-04:00,1.0853,1.0853,1.0852,1.0852,0,581,0.0
2024-06-03 01:28:00-04:00,1.0852,1.0853,1.0852,1.0853,0,569,0.0
2024-06-03 01:29:00-04:00,1.0853,1.0853,1.0852,1.0852,0,584,0.0
2024-06-03 01:30:00-04:00,1.0852,1.0853,1.0852,1.0852,0,631,0.0
2024-06-03 01:31:00-04:00,1.0852,1.0852,1.0852,1.0852,0,603,0.0
2024-06-03 01:32:00-04:00,1.0852,1.0852,1.0852,1.0852,0,615,0.0
2024-06-03 01:33:00-04:00,1.0852,1.0852,1.0851,1.0852,0,631,0.0
2024-06-03 01:34:00-04:00,1.0852,1.0852,1.0851,1.0852,0,677,0.0
2024-06-03 01:35:00-04:00,1.0852,1.0852,1.0852,1.0852,0,611,0.0
2024-06-03 01:36:00-04:00,1.0852,1.0853,1.0852,1.0853,0,603,0.0
2024-06-03 01:37:00-04:00,1.0853,1.0853,1.0852,1.0852,0,648,0.0
2024-06-03 01:38:00-04:00,1.0852,1.0852,1.0852,1.0852,0,645,0.0
2024-06-03 01:39:00-04:00,1.0852,1.0852,1.0852,1.0852,0,597,0.0
2024-06-03 01:40:00-04:00,1.0852,1.0852,1.0851,1.0851,0,649,0.0
2024-06-03 01:41:00-04:00,1.0851,1.0851,1.0851,1.0851,0,670,0.0
2024-06-03 01:42:00-04:00,1.0851,1.0851,1.085,1.085,0,644,0.0
2024-06-03 01:43:00-04:00,1.085,1.085,1.0849,1.0849,0,645,0.0
2024-06-03 01:44:00-04:00,1.0849,1.085,1.0849,1.085,0,666,0.0
2024-06-03 01:45:00-04:00,1.085,1.085,1.0849,1.0849,0,675,0.0
2024-06-03 01:46:00-04:00,1.0849,1.0849,1.0849,1.0849,0,622,0.0
2024-06-03 01:47:00-04:00,1.0849,1.0849,1.0848,1.0849,0,673,0.0
2024-06-03 01:48:00-04:00,1.0849,1.0849,1.0849,1.0849,0,666,0.0
2024-06-03 01:49:00-04:00,1.0849,1.085,1.0849,1.0849,0,628,0.0
2024-06-03 01:50:00-04:00,1.0849,1.085,1.0849,1.085,0,618,0.0
2024-06-03 01:51:00-04:00,1.085,1.0851,1.085,1.0851,0,692,0.0
2024-06-03 01:52:00-04:00,1.0851,1.0851,1.0851,1.0851,0,678,0.0
2024-06-03 01:53:00-04:00,1.0851,1.0851,1.0851,1.0851,0,605,0.0
2024-06-03 01:54:00-04:00,1.0851,1.0851,1.0851,1.0851,0,637,0.0
2024-06-03 01:55:00-04:00,1.0851,1.0852,1.0851,1.0851,0,673,0.0
2024-06-03 01:56:00-04:00,1.0851,1.0852,1.0851,1.0852,0,693,0.0
2024-06-03 01:57:00-04:00,1.0852,1.0853,1.0852,1.0853,0,735,0.0
2024-06-03 01:58:00-04:00,1.0853,1.0853,1.0853,1.0853,0,678,0.0
2024-06-03 01:59:00-04:00,1.0853,1.0853,1.0852,1.0852,0,661,0.0
2024-06-03 02:00:00-04:00,1.0852,1.0854,1.0852,1.0853,0,853,0.0
2024-06-03 02:01:00-04:00,1.0853,1.0854,1.0853,1.0853,0,724,0.0
2024-06-03 02:02:00-04:00,1.0853,1.0854,1.0853,1.0853,0,712,0.0
2024-06-03 02:03:00-04:00,1.0853,1.0853,1.0852,1.0853,0,718,0.0
2024-06-03 02:04:00-04:00,1.0853,1.0853,1.0852,1.0853,0,753,0.0
2024-06-03 02:05:00-04:00,1.0853,1.0853,1.0852,1.0852,0,721,0.0
2024-06-03 02:06:00-04:00,1.0852,1.0852,1.0851,1.0851,0,743,0.0
2024-06-03 02:07:00-04:00,1.0851,1.0852,1.0851,1.0852,0,723,0.0
2024-06-03 02:08:00-04:00,1.0852,1.0852,1.0851,1.0851,0,759,0.0
2024-06-03 02:09:00-04:00,1.0851,1.0851,1.085,1.0851,0,748,0.0
2024-06-03 02:10:00-04:00,1.0851,1.0851,1.085,1.085,0,714,0.0
2024-06-03 02:11:00-04:00,1.085,1.085,1.0849,1.0849,0,674,0.0
2024-06-03 02:12:00-04:00,1.0849,1.085,1.0849,1.085,0,694,0.0
2024-06-03 02:13:00-04:00,1.085,1.085,1.0849,1.085,0,672,0.0
2024-06-03 02:14:00-04:00,1.085,1.0851,1.085,1.0851,0,732,0.0
2024-06-03 02:15:00-04:00,1.0851,1.0851,1.085,1.085,0,687,0.0
2024-06-03 02:16:00-04:00,1.085,1.085,1.0848,1.0849,0,707,0.0
2024-06-03 02:17:00-04:00,1.0849,1.0849,1.0849,1.0849,0,670,0.0
2024-06-03 02:18:00-04:00,1.0849,1.0849,1.0849,1.0849,0,657,0.0
2024-06-03 02:19:00-04:00,1.0849,1.0849,1.0848,1.0849,0,796,0.0
2024-06-03 02:20:00-04:00,1.0849,1.085,1.0849,1.085,0,664,0.0
2024-06-03 02:21:00-04:00,1.0849,1.085,1.0848,1.0849,0,758,0.0
2024-06-03 02:22:00-04:00,1.0849,1.0849,1.0848,1.0848,0,648,0.0
2024-06-03 02:23:00-04:00,1.0848,1.085,1.0848,1.085,0,727,0.0
2024-06-03 02:24:00-04:00,1.085,1.085,1.085,1.085,0,687,0.0
2024-06-03 02:25:00-04:00,1.085,1.085,1.0849,1.085,0,655,0.0
2024-06-03 02:26:00-04:00,1.085,1.085,1.0849,1.0849,0,667,0.0
2024-06-03 02:27:00-04:00,1.0849,1.0849,1.0848,1.0849,0,651,0.0
2024-06-03 02:28:00-04:00,1.0849,1.0849,1.0848,1.0849,0,613,0.0
2024-06-03 02:29:00-04:00,1.0849,1.0849,1.0848,1.0849,0,650,0.0
2024-06-03 02:30:00-04:00,1.0849,1.0849,1.0848,1.0848,0,757,0.0
2024-06-03 02:31:00-04:00,1.0848,1.0848,1.0848,1.0848,0,706,0.0
2024-06-03 02:32:00-04:00,1.0848,1.0848,1.0848,1.0848,0,668,0.0
2024-06-03 02:33:00-04:00,1.0848,1.0848,1.0847,1.0847,0,720,0.0
2024-06-03 02:34:00-04:00,1.0847,1.0848,1.0847,1.0848,0,674,0.0
2024-06-03 02:35:00-04:00,1.0848,1.085,1.0848,1.085,0,755,0.0
2024-06-03 02:36:00-04:00,1.085,1.085,1.0849,1.085,0,716,0.0
2024-06-03 02:37:00-04:00,1.085,1.085,1.0849,1.0849,0,703,0.0
2024-06-03 02:38:00-04:00,1.0849,1.0851,1.0849,1.0851,0,718,0.0
2024-06-03 02:39:00-04:00,1.0851,1.0852,1.0851,1.0852,0,850,0.0
2024-06-03 02:40:00-04:00,1.0852,1.0853,1.0852,1.0853,0,737,0.0
2024-06-03 02:41:00-04:00,1.0853,1.0853,1.0852,1.0852,0,665,0.0
2024-06-03 02:42:00-04:00,1.0852,1.0853,1.0852,1.0853,0,714,0.0
2024-06-03 02:43:00-04:00,1.0853,1.0855,1.0853,1.0854,0,829,0.0
2024-06-03 02:44:00-04:00,1.0854,1.0855,1.0854,1.0854,0,642,0.0
2024-06-03 02:45:00-04:00,1.0854,1.0854,1.0853,1.0853,0,703,0.0
2024-06-03 02:46:00-04:00,1.0853,1.0853,1.0852,1.0852,0,686,0.0
2024-06-03 02:47:00-04:00,1.0852,1.0853,1.0852,1.0853,0,681,0.0
2024-06-03 02:48:00-04:00,1.0853,1.0853,1.0852,1.0852,0,719,0.0
2024-06-03 02:49:00-04:00,1.0852,1.0854,1.0852,1.0854,0,658,0.0
2024-06-03 02:50:00-04:00,1.0854,1.0854,1.0853,1.0853,0,731,0.0
2024-06-03 02:51:00-04:00,1.0853,1.0853,1.0853,1.0853,0,658,0.0
2024-06-03 02:52:00-04:00,1.0853,1.0854,1.0853,1.0853,0,786,0.0
2024-06-03 02:53:00-04:00,1.0853,1.0855,1.0853,1.0855,0,754,0.0
2024-06-03 02:54:00-04:00,1.0855,1.0855,1.0854,1.0855,0,832,0.0
2024-06-03 02:55:00-04:00,1.0855,1.0856,1.0854,1.0855,0,896,0.0
2024-06-03 02:56:00-04:00,1.0855,1.0856,1.0855,1.0855,0,748,0.0
2024-06-03 02:57:00-04:00,1.0855,1.0857,1.0855,1.0857,0,923,0.0
2024-06-03 02:58:00-04:00,1.0857,1.0858,1.0857,1.0858,0,906,0.0
2024-06-03 02:59:00-04:00,1.0858,1.0859,1.0856,1.0857,0,1176,0.0
2024-06-03 03:00:00-04:00,1.0857,1.0859,1.0856,1.0858,0,1065,0.0
2024-06-03 03:01:00-04:00,1.0858,1.0859,1.0855,1.0855,0,999,0.0
2024-06-03 03:02:00-04:00,1.0855,1.0855,1.0854,1.0855,0,881,0.0
2024-06-03 03:03:00-04:00,1.0855,1.0855,1.0854,1.0855,0,804,0.0
2024-06-03 03:04:00-04:00,1.0855,1.0855,1.0854,1.0854,0,741,0.0
2024-06-03 03:05:00-04:00,1.0854,1.0854,1.0853,1.0853,0,682,0.0
2024-06-03 03:06:00-04:00,1.0853,1.0854,1.0853,1.0854,0,740,0.0
2024-06-03 03:07:00-04:00,1.0854,1.0854,1.0852,1.0852,0,775,0.0
2024-06-03 03:08:00-04:00,1.0852,1.0854,1.0852,1.0854,0,740,0.0
2024-06-03 03:09:00-04:00,1.0854,1.0854,1.0853,1.0854,0,747,0.0
2024-06-03 03:10:00-04:00,1.0854,1.0854,1.0853,1.0853,0,811,0.0
2024-06-03 03:11:00-04:00,1.0853,1.0853,1.0852,1.0852,0,865,0.0
2024-06-03 03:12:00-04:00,1.0852,1.0853,1.0852,1.0853,0,795,0.0
2024-06-03 03:13:00-04:00,1.0853,1.0853,1.0852,1.0852,0,790,0.0
2024-06-03 03:14:00-04:00,1.0852,1.0852,1.0851,1.0851,0,830,0.0
2024-06-03 03:15:00-04:00,1.0851,1.0851,1.0849,1.0849,0,802,0.0
2024-06-03 03:16:00-04:00,1.0849,1.085,1.0848,1.0849,0,930,0.0
2024-06-03 03:17:00-04:00,1.0849,1.085,1.0848,1.0848,0,783,0.0
2024-06-03 03:18:00-04:00,1.0848,1.0848,1.0847,1.0847,0,870,0.0
2024-06-03 03:19:00-04:00,1.0847,1.0849,1.0847,1.0849,0,905,0.0
2024-06-03 03:20:00-04:00,1.0849,1.085,1.0848,1.0849,0,882,0.0
2024-06-03 03:21:00-04:00,1.0849,1.0849,1.0848,1.0848,0,723,0.0
2024-06-03 03:22:00-04:00,1.0848,1.0849,1.0848,1.0849,0,832,0.0
2024-06-03 03:23:00-04:00,1.0849,1.0849,1.0848,1.0849,0,776,0.0
2024-06-03 03:24:00-04:00,1.0849,1.0849,1.0848,1.0848,0,788,0.0
2024-06-03 03:25:00-04:00,1.0848,1.0848,1.0846,1.0847,0,805,0.0
2024-06-03 03:26:00-04:00,1.0847,1.0848,1.0846,1.0848,0,810,0.0
2024-06-03 03:27:00-04:00,1.0848,1.0848,1.0848,1.0848,0,680,0.0
2024-06-03 03:28:00-04:00,1.0848,1.0848,1.0847,1.0847,0,669,0.0
2024-06-03 03:29:00-04:00,1.0847,1.0847,1.0846,1.0846,0,681,0.0
2024-06-03 03:30:00-04:00,1.0846,1.0846,1.0845,1.0846,0,712,0.0
2024-06-03 03:31:00-04:00,1.0846,1.0848,1.0846,1.0847,0,679,0.0
2024-06-03 03:32:00-04:00,1.0847,1.0847,1.0847,1.0847,0,737,0.0
2024-06-03 03:33:00-04:00,1.0847,1.0848,1.0847,1.0848,0,739,0.0
2024-06-03 03:34:00-04:00,1.0848,1.0849,1.0848,1.0849,0,778,0.0
2024-06-03 03:35:00-04:00,1.0849,1.085,1.0848,1.0849,0,785,0.0
2024-06-03 03:36:00-04:00,1.0849,1.085,1.0849,1.085,0,721,0.0
2024-06-03 03:37:00-04:00,1.085,1.085,1.085,1.085,0,692,0.0
2024-06-03 03:38:00-04:00,1.085,1.085,1.0849,1.0849,0,710,0.0
2024-06-03 03:39:00-04:00,1.0849,1.085,1.0849,1.085,0,713,0.0
2024-06-03 03:40:00-04:00,1.085,1.085,1.0849,1.0849,0,700,0.0
2024-06-03 03:41:00-04:00,1.0849,1.085,1.0849,1.085,0,687,0.0
2024-06-03 03:42:00-04:00,1.085,1.0851,1.085,1.0851,0,712,0.0
2024-06-03 03:43:00-04:00,1.0851,1.0851,1.085,1.0851,0,722,0.0
2024-06-03 03:44:00-04:00,1.0851,1.0851,1.085,1.085,0,713,0.0
2024-06-03 03:45:00-04:00,1.085,1.085,1.0849,1.085,0,760,0.0
2024-06-03 03:46:00-04:00,1.085,1.085,1.0848,1.0849,0,756,0.0
2024-06-03 03:47:00-04:00,1.0849,1.0849,1.0848,1.0848,0,708,0.0
2024-06-03 03:48:00-04:00,1.0848,1.0848,1.0846,1.0847,0,773,0.0
2024-06-03 03:49:00-04:00,1.0847,1.0847,1.0846,1.0846,0,728,0.0
2024-06-03 03:50:00-04:00,1.0846,1.0846,1.0843,1.0843,0,783,0.0
2024-06-03 03:51:00-04:00,1.0843,1.0844,1.0842,1.0844,0,827,0.0
2024-06-03 03:52:00-04:00,1.0844,1.0845,1.0844,1.0844,0,789,0.0
2024-06-03 03:53:00-04:00,1.0844,1.0844,1.0843,1.0843,0,732,0.0
2024-06-03 03:54:00-04:00,1.0843,1.0844,1.0843,1.0843,0,707,0.0
2024-06-03 03:55:00-04:00,1.0843,1.0844,1.0843,1.0843,0,766,0.0
2024-06-03 03:56:00-04:00,1.0843,1.0844,1.0842,1.0843,0,779,0.0
2024-06-03 03:57:00-04:00,1.0843,1.0843,1.0841,1.0841,0,819,0.0
2024-06-03 03:58:00-04:00,1.0841,1.0841,1.084,1.084,0,833,0.0
2024-06-03 03:59:00-04:00,1.084,1.0841,1.084,1.084,0,783,0.0
2024-06-03 04:00:00-04:00,1.084,1.084,1.0837,1.0838,0,995,0.0
2024-06-03 04:01:00-04:00,1.0838,1.0839,1.0837,1.0837,0,949,0.0
2024-06-03 04:02:00-04:00,1.0837,1.0838,1.0837,1.0837,0,875,0.0
2024-06-03 04:03:00-04:00,1.0837,1.084,1.0837,1.084,0,837,0.0
2024-06-03 04:04:00-04:00,1.084,1.0841,1.084,1.084,0,874,0.0
2024-06-03 04:05:00-04:00,1.084,1.0841,1.0838,1.0839,0,973,0.0
2024-06-03 04:06:00-04:00,1.0839,1.0839,1.0834,1.0835,0,968,0.0
2024-06-03 04:07:00-04:00,1.0835,1.0836,1.0834,1.0836,0,1035,0.0
2024-06-03 04:08:00-04:00,1.0836,1.0836,1.0835,1.0836,0,812,0.0
2024-06-03 04:09:00-04:00,1.0836,1.0837,1.0836,1.0836,0,830,0.0
2024-06-03 04:10:00-04:00,1.0836,1.0838,1.0836,1.0837,0,904,0.0
2024-06-03 04:11:00-04:00,1.0837,1.0837,1.0835,1.0836,0,859,0.0
2024-06-03 04:12:00-04:00,1.0836,1.0836,1.0835,1.0835,0,832,0.0
2024-06-03 04:13:00-04:00,1.0835,1.0836,1.0835,1.0836,0,842,0.0
2024-06-03 04:14:00-04:00,1.0836,1.0836,1.0835,1.0835,0,795,0.0
2024-06-03 04:15:00-04:00,1.0835,1.0836,1.0835,1.0836,0,807,0.0
2024-06-03 04:16:00-04:00,1.0836,1.0836,1.0834,1.0834,0,886,0.0
2024-06-03 04:17:00-04:00,1.0834,1.0836,1.0834,1.0835,0,875,0.0
2024-06-03 04:18:00-04:00,1.0835,1.0835,1.0834,1.0835,0,906,0.0
2024-06-03 04:19:00-04:00,1.0835,1.0835,1.0834,1.0835,0,791,0.0
2024-06-03 04:20:00-04:00,1.0835,1.0836,1.0835,1.0835,0,761,0.0
2024-06-03 04:21:00-04:00,1.0835,1.0836,1.0835,1.0835,0,728,0.0
2024-06-03 04:22:00-04:00,1.0835,1.0836,1.0835,1.0836,0,819,0.0
2024-06-03 04:23:00-04:00,1.0836,1.0838,1.0836,1.0837,0,863,0.0
2024-06-03 04:24:00-04:00,1.0837,1.0838,1.0837,1.0837,0,732,0.0
2024-06-03 04:25:00-04:00,1.0837,1.0837,1.0837,1.0837,0,728,0.0
2024-06-03 04:26:00-04:00,1.0837,1.0838,1.0836,1.0838,0,847,0.0
2024-06-03 04:27:00-04:00,1.0838,1.0838,1.0838,1.0838,0,674,0.0
2024-06-03 04:28:00-04:00,1.0838,1.0838,1.0837,1.0837,0,707,0.0
2024-06-03 04:29:00-04:00,1.0837,1.0837,1.0836,1.0837,0,750,0.0
2024-06-03 04:30:00-04:00,1.0837,1.0838,1.0837,1.0838,0,707,0.0
2024-06-03 04:31:00-04:00,1.0838,1.0841,1.0838,1.0841,0,798,0.0
2024-06-03 04:32:00-04:00,1.0841,1.0841,1.084,1.0841,0,727,0.0
2024-06-03 04:33:00-04:00,1.0841,1.0841,1.084,1.084,0,741,0.0
2024-06-03 04:34:00-04:00,1.084,1.0841,1.084,1.0841,0,756,0.0
2024-06-03 04:35:00-04:00,1.0841,1.0841,1.0839,1.0839,0,814,0.0
2024-06-03 04:36:00-04:00,1.0839,1.084,1.0839,1.0839,0,793,0.0
2024-06-03 04:37:00-04:00,1.0839,1.0839,1.0838,1.0839,0,728,0.0
2024-06-03 04:38:00-04:00,1.0839,1.084,1.0839,1.084,0,720,0.0
2024-06-03 04:39:00-04:00,1.084,1.084,1.0839,1.0839,0,770,0.0
2024-06-03 04:40:00-04:00,1.0839,1.084,1.0839,1.0839,0,746,0.0
2024-06-03 04:41:00-04:00,1.0839,1.084,1.0839,1.0839,0,730,0.0
2024-06-03 04:42:00-04:00,1.0839,1.0839,1.0837,1.0839,0,730,0.0
2024-06-03 04:43:00-04:00,1.0839,1.0839,1.0837,1.0838,0,772,0.0
2024-06-03 04:44:00-04:00,1.0838,1.0839,1.0837,1.0837,0,916,0.0
2024-06-03 04:45:00-04:00,1.0837,1.0837,1.0836,1.0837,0,834,0.0
2024-06-03 04:46:00-04:00,1.0837,1.0838,1.0837,1.0837,0,764,0.0
2024-06-03 04:47:00-04:00,1.0837,1.0837,1.0837,1.0837,0,754,0.0
2024-06-03 04:48:00-04:00,1.0837,1.0838,1.0837,1.0838,0,797,0.0
2024-06-03 04:49:00-04:00,1.0838,1.0839,1.0837,1.0838,0,763,0.0
2024-06-03 04:50:00-04:00,1.0838,1.0839,1.0838,1.0838,0,693,0.0
2024-06-03 04:51:00-04:00,1.0839,1.0839,1.0838,1.0839,0,688,0.0
2024-06-03 04:52:00-04:00,1.0839,1.0839,1.0838,1.0839,0,666,0.0
2024-06-03 04:53:00-04:00,1.0839,1.0841,1.0839,1.0841,0,697,0.0
2024-06-03 04:54:00-04:00,1.0841,1.0841,1.084,1.0841,0,673,0.0
2024-06-03 04:55:00-04:00,1.0841,1.0842,1.084,1.0841,0,775,0.0
2024-06-03 04:56:00-04:00,1.0841,1.0842,1.0841,1.0841,0,731,0.0
2024-06-03 04:57:00-04:00,1.0841,1.0842,1.0841,1.0842,0,745,0.0
2024-06-03 04:58:00-04:00,1.0842,1.0842,1.0841,1.0841,0,765,0.0
2024-06-03 04:59:00-04:00,1.0841,1.0841,1.084,1.084,0,748,0.0
2024-06-03 05:00:00-04:00,1.084,1.084,1.0838,1.0839,0,707,0.0
2024-06-03 05:01:00-04:00,1.0839,1.0839,1.0838,1.0839,0,729,0.0
2024-06-03 05:02:00-04:00,1.0839,1.0839,1.0838,1.0838,0,737,0.0
2024-06-03 05:03:00-04:00,1.0838,1.084,1.0838,1.084,0,717,0.0
2024-06-03 05:04:00-04:00,1.084,1.084,1.0839,1.084,0,676,0.0
2024-06-03 05:05:00-04:00,1.084,1.0841,1.084,1.084,0,711,0.0
2024-06-03 05:06:00-04:00,1.084,1.084,1.0839,1.084,0,695,0.0
2024-06-03 05:07:00-04:00,1.084,1.084,1.0838,1.0838,0,742,0.0
2024-06-03 05:08:00-04:00,1.0838,1.0838,1.0837,1.0838,0,678,0.0
2024-06-03 05:09:00-04:00,1.0838,1.0838,1.0838,1.0838,0,684,0.0
2024-06-03 05:10:00-04:00,1.0838,1.0838,1.0835,1.0836,0,743,0.0
2024-06-03 05:11:00-04:00,1.0836,1.0837,1.0835,1.0837,0,689,0.0
2024-06-03 05:12:00-04:00,1.0837,1.0837,1.0836,1.0837,0,652,0.0
2024-06-03 05:13:00-04:00,1.0837,1.0837,1.0836,1.0837,0,733,0.0
2024-06-03 05:14:00-04:00,1.0837,1.0837,1.0836,1.0836,0,672,0.0
2024-06-03 05:15:00-04:00,1.0836,1.0837,1.0835,1.0835,0,710,0.0
2024-06-03 05:16:00-04:00,1.0835,1.0836,1.0835,1.0836,0,709,0.0
2024-06-03 05:17:00-04:00,1.0836,1.0836,1.0835,1.0836,0,803,0.0
2024-06-03 05:18:00-04:00,1.0836,1.0836,1.0835,1.0835,0,742,0.0
2024-06-03 05:19:00-04:00,1.0835,1.0837,1.0835,1.0837,0,744,0.0
2024-06-03 05:20:00-04:00,1.0837,1.0837,1.0836,1.0836,0,745,0.0
2024-06-03 05:21:00-04:00,1.0836,1.0836,1.0835,1.0836,0,684,0.0
2024-06-03 05:22:00-04:00,1.0836,1.0836,1.0835,1.0836,0,673,0.0
2024-06-03 05:23:00-04:00,1.0836,1.0836,1.0835,1.0835,0,748,0.0
2024-06-03 05:24:00-04:00,1.0835,1.0837,1.0835,1.0837,0,731,0.0
2024-06-03 05:25:00-04:00,1.0837,1.0838,1.0836,1.0836,0,780,0.0
2024-06-03 05:26:00-04:00,1.0836,1.0837,1.0835,1.0837,0,729,0.0
2024-06-03 05:27:00-04:00,1.0837,1.0838,1.0837,1.0837,0,688,0.0
2024-06-03 05:28:00-04:00,1.0837,1.0838,1.0837,1.0837,0,714,0.0
2024-06-03 05:29:00-04:00,1.0837,1.0838,1.0837,1.0838,0,800,0.0
2024-06-03 05:30:00-04:00,1.0838,1.0839,1.0838,1.0839,0,772,0.0
2024-06-03 05:31:00-04:00,1.0839,1.0841,1.0839,1.0841,0,816,0.0
2024-06-03 05:32:00-04:00,1.0841,1.0841,1.0839,1.0839,0,740,0.0
2024-06-03 05:33:00-04:00,1.0839,1.0839,1.0839,1.0839,0,696,0.0
2024-06-03 05:34:00-04:00,1.0839,1.0841,1.0839,1.084,0,707,0.0
2024-06-03 05:35:00-04:00,1.084,1.0841,1.084,1.0841,0,685,0.0
2024-06-03 05:36:00-04:00,1.0841,1.0841,1.084,1.084,0,735,0.0
2024-06-03 05:37:00-04:00,1.084,1.0841,1.0839,1.0839,0,817,0.0
2024-06-03 05:38:00-04:00,1.0839,1.0839,1.0839,1.0839,0,683,0.0
2024-06-03 05:39:00-04:00,1.0839,1.0839,1.0838,1.0838,0,744,0.0
2024-06-03 05:40:00-04:00,1.0838,1.0839,1.0838,1.0838,0,713,0.0
2024-06-03 05:41:00-04:00,1.0838,1.0838,1.0837,1.0838,0,801,0.0
2024-06-03 05:42:00-04:00,1.0838,1.0838,1.0837,1.0837,0,703,0.0
2024-06-03 05:43:00-04:00,1.0837,1.0838,1.0836,1.0837,0,878,0.0
2024-06-03 05:44:00-04:00,1.0837,1.0837,1.0834,1.0835,0,823,0.0
2024-06-03 05:45:00-04:00,1.0835,1.0835,1.0834,1.0834,0,744,0.0
2024-06-03 05:46:00-04:00,1.0834,1.0834,1.0833,1.0833,0,816,0.0
2024-06-03 05:47:00-04:00,1.0833,1.0833,1.0832,1.0833,0,761,0.0
2024-06-03 05:48:00-04:00,1.0833,1.0834,1.0833,1.0834,0,753,0.0
2024-06-03 05:49:00-04:00,1.0834,1.0835,1.0833,1.0834,0,777,0.0
2024-06-03 05:50:00-04:00,1.0834,1.0835,1.0834,1.0835,0,766,0.0
2024-06-03 05:51:00-04:00,1.0835,1.0836,1.0835,1.0835,0,756,0.0
2024-06-03 05:52:00-04:00,1.0835,1.0836,1.0835,1.0836,0,739,0.0
2024-06-03 05:53:00-04:00,1.0836,1.0836,1.0835,1.0835,0,636,0.0
2024-06-03 05:54:00-04:00,1.0835,1.0836,1.0835,1.0836,0,675,0.0
2024-06-03 05:55:00-04:00,1.0836,1.0837,1.0836,1.0836,0,843,0.0
2024-06-03 05:56:00-04:00,1.0836,1.0837,1.0836,1.0837,0,699,0.0
2024-06-03 05:57:00-04:00,1.0837,1.0838,1.0836,1.0836,0,795,0.0
2024-06-03 05:58:00-04:00,1.0836,1.0836,1.0835,1.0835,0,816,0.0
2024-06-03 05:59:00-04:00,1.0835,1.0835,1.0835,1.0835,0,755,0.0
2024-06-03 06:00:00-04:00,1.0835,1.0836,1.0834,1.0834,0,757,0.0
2024-06-03 06:01:00-04:00,1.0834,1.0834,1.0833,1.0833,0,720,0.0
2024-06-03 06:02:00-04:00,1.0833,1.0834,1.0833,1.0834,0,755,0.0
2024-06-03 06:03:00-04:00,1.0834,1.0834,1.0833,1.0833,0,775,0.0
2024-06-03 06:04:00-04:00,1.0833,1.0833,1.0833,1.0833,0,670,0.0
2024-06-03 06:05:00-04:00,1.0833,1.0834,1.0833,1.0833,0,727,0.0
2024-06-03 06:06:00-04:00,1.0833,1.0833,1.0832,1.0832,0,694,0.0
2024-06-03 06:07:00-04:00,1.0832,1.0832,1.0831,1.0831,0,809,0.0
2024-06-03 06:08:00-04:00,1.0831,1.0832,1.0831,1.0832,0,743,0.0
2024-06-03 06:09:00-04:00,1.0832,1.0832,1.0831,1.0831,0,751,0.0
2024-06-03 06:10:00-04:00,1.0831,1.0832,1.0831,1.0832,0,739,0.0
2024-06-03 06:11:00-04:00,1.0832,1.0832,1.0831,1.0831,0,696,0.0
2024-06-03 06:12:00-04:00,1.0831,1.0831,1.0829,1.0829,0,791,0.0
2024-06-03 06:13:00-04:00,1.0829,1.0829,1.0828,1.0829,0,859,0.0
2024-06-03 06:14:00-04:00,1.0829,1.083,1.0828,1.083,0,849,0.0
2024-06-03 06:15:00-04:00,1.083,1.0831,1.083,1.0831,0,710,0.0
2024-06-03 06:16:00-04:00,1.0831,1.0833,1.0831,1.0832,0,688,0.0
2024-06-03 06:17:00-04:00,1.0832,1.0833,1.0832,1.0833,0,742,0.0
2024-06-03 06:18:00-04:00,1.0833,1.0833,1.0832,1.0833,0,818,0.0
2024-06-03 06:19:00-04:00,1.0833,1.0833,1.0833,1.0833,0,681,0.0
2024-06-03 06:20:00-04:00,1.0833,1.0833,1.0833,1.0833,0,692,0.0
2024-06-03 06:21:00-04:00,1.0833,1.0834,1.0833,1.0833,0,839,0.0
2024-06-03 06:22:00-04:00,1.0833,1.0834,1.0833,1.0834,0,744,0.0
2024-06-03 06:23:00-04:00,1.0834,1.0834,1.0833,1.0833,0,717,0.0
2024-06-03 06:24:00-04:00,1.0833,1.0833,1.0832,1.0832,0,692,0.0
2024-06-03 06:25:00-04:00,1.0832,1.0832,1.0831,1.0832,0,712,0.0
2024-06-03 06:26:00-04:00,1.0832,1.0832,1.0831,1.0832,0,638,0.0
2024-06-03 06:27:00-04:00,1.0832,1.0833,1.0832,1.0832,0,804,0.0
2024-06-03 06:28:00-04:00,1.0832,1.0832,1.0831,1.0832,0,700,0.0
2024-06-03 06:29:00-04:00,1.0832,1.0832,1.0832,1.0832,0,627,0.0
2024-06-03 06:30:00-04:00,1.0832,1.0833,1.0832,1.0832,0,659,0.0
2024-06-03 06:31:00-04:00,1.0832,1.0832,1.083,1.083,0,809,0.0
2024-06-03 06:32:00-04:00,1.083,1.083,1.0828,1.0829,0,778,0.0
2024-06-03 06:33:00-04:00,1.0829,1.0829,1.0828,1.0828,0,700,0.0
2024-06-03 06:34:00-04:00,1.0828,1.0829,1.0828,1.0828,0,753,0.0
2024-06-03 06:35:00-04:00,1.0828,1.0829,1.0828,1.0828,0,699,0.0
2024-06-03 06:36:00-04:00,1.0828,1.0829,1.0828,1.0829,0,731,0.0
2024-06-03 06:37:00-04:00,1.0829,1.083,1.0829,1.083,0,712,0.0
2024-06-03 06:38:00-04:00,1.083,1.0831,1.083,1.0831,0,748,0.0
2024-06-03 06:39:00-04:00,1.0831,1.0832,1.0831,1.0832,0,689,0.0
2024-06-03 06:40:00-04:00,1.0832,1.0832,1.0831,1.0832,0,706,0.0
2024-06-03 06:41:00-04:00,1.0832,1.0832,1.0831,1.0832,0,654,0.0
2024-06-03 06:42:00-04:00,1.0832,1.0834,1.0832,1.0833,0,818,0.0
2024-06-03 06:43:00-04:00,1.0833,1.0833,1.0833,1.0833,0,670,0.0
2024-06-03 06:44:00-04:00,1.0833,1.0833,1.0833,1.0833,0,702,0.0
2024-06-03 06:45:00-04:00,1.0833,1.0833,1.0832,1.0833,0,755,0.0
2024-06-03 06:46:00-04:00,1.0833,1.0833,1.0832,1.0833,0,706,0.0
2024-06-03 06:47:00-04:00,1.0833,1.0833,1.0832,1.0833,0,686,0.0
2024-06-03 06:48:00-04:00,1.0833,1.0834,1.0833,1.0834,0,739,0.0
2024-06-03 06:49:00-04:00,1.0834,1.0835,1.0834,1.0835,0,743,0.0
2024-06-03 06:50:00-04:00,1.0835,1.0836,1.0835,1.0836,0,730,0.0
2024-06-03 06:51:00-04:00,1.0836,1.0836,1.0835,1.0835,0,663,0.0
2024-06-03 06:52:00-04:00,1.0835,1.0836,1.0835,1.0836,0,738,0.0
2024-06-03 06:53:00-04:00,1.0836,1.0838,1.0836,1.0838,0,819,0.0
2024-06-03 06:54:00-04:00,1.0838,1.0839,1.0838,1.0839,0,688,0.0
2024-06-03 06:55:00-04:00,1.0839,1.0839,1.0838,1.0839,0,669,0.0
2024-06-03 06:56:00-04:00,1.0839,1.0839,1.0838,1.0838,0,680,0.0
2024-06-03 06:57:00-04:00,1.0838,1.0838,1.0837,1.0837,0,767,0.0
2024-06-03 06:58:00-04:00,1.0837,1.0837,1.0837,1.0837,0,743,0.0
2024-06-03 06:59:00-04:00,1.0837,1.0838,1.0837,1.0837,0,799,0.0
2024-06-03 07:00:00-04:00,1.0837,1.0839,1.0837,1.0838,0,864,0.0
2024-06-03 07:01:00-04:00,1.0838,1.0839,1.0838,1.0839,0,750,0.0
2024-06-03 07:02:00-04:00,1.0839,1.0839,1.0838,1.0839,0,730,0.0
2024-06-03 07:03:00-04:00,1.0839,1.084,1.0839,1.084,0,741,0.0
2024-06-03 07:04:00-04:00,1.084,1.084,1.0839,1.084,0,696,0.0
2024-06-03 07:05:00-04:00,1.084,1.084,1.0839,1.084,0,692,0.0
2024-06-03 07:06:00-04:00,1.084,1.0841,1.084,1.0841,0,862,0.0
2024-06-03 07:07:00-04:00,1.0841,1.0841,1.0839,1.084,0,749,0.0
2024-06-03 07:08:00-04:00,1.084,1.0841,1.084,1.0841,0,736,0.0
2024-06-03 07:09:00-04:00,1.0841,1.0841,1.0839,1.084,0,778,0.0
2024-06-03 07:10:00-04:00,1.084,1.0841,1.0839,1.084,0,722,0.0
2024-06-03 07:11:00-04:00,1.084,1.084,1.0839,1.084,0,745,0.0
2024-06-03 07:12:00-04:00,1.084,1.0841,1.0839,1.0841,0,776,0.0
2024-06-03 07:13:00-04:00,1.0841,1.0841,1.0841,1.0841,0,663,0.0
2024-06-03 07:14:00-04:00,1.0841,1.0842,1.0841,1.0841,0,702,0.0
2024-06-03 07:15:00-04:00,1.0841,1.0841,1.0841,1.0841,0,657,0.0
2024-06-03 07:16:00-04:00,1.0841,1.0843,1.0841,1.0843,0,766,0.0
2024-06-03 07:17:00-04:00,1.0843,1.0845,1.0843,1.0844,0,756,0.0
2024-06-03 07:18:00-04:00,1.0844,1.0845,1.0844,1.0844,0,677,0.0
2024-06-03 07:19:00-04:00,1.0844,1.0844,1.0843,1.0844,0,701,0.0
2024-06-03 07:20:00-04:00,1.0844,1.0844,1.0843,1.0844,0,665,0.0
2024-06-03 07:21:00-04:00,1.0844,1.0844,1.0844,1.0844,0,655,0.0
2024-06-03 07:22:00-04:00,1.0844,1.0844,1.0844,1.0844,0,689,0.0
2024-06-03 07:23:00-04:00,1.0844,1.0844,1.0843,1.0844,0,732,0.0
2024-06-03 07:24:00-04:00,1.0844,1.0844,1.0843,1.0843,0,650,0.0
2024-06-03 07:25:00-04:00,1.0843,1.0843,1.0842,1.0842,0,663,0.0
2024-06-03 07:26:00-04:00,1.0842,1.0843,1.0842,1.0843,0,731,0.0
2024-06-03 07:27:00-04:00,1.0843,1.0844,1.0842,1.0842,0,781,0.0
2024-06-03 07:28:00-04:00,1.0842,1.0843,1.0841,1.0842,0,790,0.0
2024-06-03 07:29:00-04:00,1.0842,1.0843,1.0842,1.0842,0,784,0.0
2024-06-03 07:30:00-04:00,1.0842,1.0842,1.0841,1.0841,0,888,0.0
2024-06-03 07:31:00-04:00,1.0841,1.0842,1.0841,1.0842,0,759,0.0
2024-06-03 07:32:00-04:00,1.0842,1.0842,1.0841,1.0842,0,717,0.0
2024-06-03 07:33:00-04:00,1.0842,1.0842,1.0841,1.0842,0,782,0.0
2024-06-03 07:34:00-04:00,1.0842,1.0843,1.0842,1.0843,0,717,0.0
2024-06-03 07:35:00-04:00,1.0843,1.0843,1.0841,1.0841,0,736,0.0
2024-06-03 07:36:00-04:00,1.0841,1.0843,1.0841,1.0842,0,739,0.0
2024-06-03 07:37:00-04:00,1.0842,1.0843,1.0842,1.0843,0,738,0.0
2024-06-03 07:38:00-04:00,1.0843,1.0843,1.0842,1.0842,0,725,0.0
2024-06-03 07:39:00-04:00,1.0842,1.0842,1.0842,1.0842,0,701,0.0
2024-06-03 07:40:00-04:00,1.0842,1.0842,1.0841,1.0841,0,661,0.0
2024-06-03 07:41:00-04:00,1.0841,1.0842,1.0841,1.0842,0,780,0.0
2024-06-03 07:42:00-04:00,1.0842,1.0843,1.0842,1.0843,0,720,0.0
2024-06-03 07:43:00-04:00,1.0843,1.0843,1.0843,1.0843,0,706,0.0
2024-06-03 07:44:00-04:00,1.0843,1.0843,1.0843,1.0843,0,715,0.0
2024-06-03 07:45:00-04:00,1.0843,1.0844,1.0842,1.0843,0,725,0.0
2024-06-03 07:46:00-04:00,1.0843,1.0843,1.0842,1.0842,0,699,0.0
2024-06-03 07:47:00-04:00,1.0842,1.0842,1.0841,1.0842,0,744,0.0
2024-06-03 07:48:00-04:00,1.0842,1.0842,1.0841,1.0841,0,722,0.0
2024-06-03 07:49:00-04:00,1.0841,1.0842,1.0841,1.0842,0,776,0.0
2024-06-03 07:50:00-04:00,1.0842,1.0843,1.0841,1.0843,0,669,0.0
2024-06-03 07:51:00-04:00,1.0843,1.0843,1.0842,1.0843,0,738,0.0
2024-06-03 07:52:00-04:00,1.0843,1.0844,1.0843,1.0844,0,801,0.0
2024-06-03 07:53:00-04:00,1.0844,1.0844,1.0843,1.0843,0,699,0.0
2024-06-03 07:54:00-04:00,1.0843,1.0843,1.0843,1.0843,0,682,0.0
2024-06-03 07:55:00-04:00,1.0843,1.0843,1.0841,1.0842,0,849,0.0
2024-06-03 07:56:00-04:00,1.0842,1.0842,1.0842,1.0842,0,678,0.0
2024-06-03 07:57:00-04:00,1.0842,1.0844,1.0842,1.0844,0,797,0.0
2024-06-03 07:58:00-04:00,1.0844,1.0845,1.0843,1.0843,0,871,0.0
2024-06-03 07:59:00-04:00,1.0843,1.0844,1.0843,1.0844,0,767,0.0
2024-06-03 08:00:00-04:00,1.0844,1.0844,1.0843,1.0843,0,924,0.0
2024-06-03 08:01:00-04:00,1.0843,1.0843,1.0842,1.0843,0,907,0.0
2024-06-03 08:02:00-04:00,1.0843,1.0843,1.0841,1.0842,0,822,0.0
2024-06-03 08:03:00-04:00,1.0842,1.0843,1.0842,1.0842,0,813,0.0
2024-06-03 08:04:00-04:00,1.0842,1.0842,1.0841,1.0842,0,755,0.0
2024-06-03 08:05:00-04:00,1.0842,1.0843,1.0842,1.0843,0,729,0.0
2024-06-03 08:06:00-04:00,1.0843,1.0843,1.0843,1.0843,0,735,0.0
2024-06-03 08:07:00-04:00,1.0843,1.0843,1.0842,1.0842,0,768,0.0
2024-06-03 08:08:00-04:00,1.0842,1.0842,1.0841,1.0842,0,751,0.0
2024-06-03 08:09:00-04:00,1.0842,1.0842,1.0841,1.0841,0,681,0.0
2024-06-03 08:10:00-04:00,1.0841,1.0843,1.0841,1.0842,0,684,0.0
2024-06-03 08:11:00-04:00,1.0842,1.0842,1.0841,1.0841,0,759,0.0
2024-06-03 08:12:00-04:00,1.0841,1.0842,1.0841,1.0842,0,704,0.0
2024-06-03 08:13:00-04:00,1.0842,1.0843,1.0841,1.0842,0,737,0.0
2024-06-03 08:14:00-04:00,1.0842,1.0842,1.0842,1.0842,0,703,0.0
2024-06-03 08:15:00-04:00,1.0842,1.0843,1.0842,1.0843,0,661,0.0
2024-06-03 08:16:00-04:00,1.0843,1.0844,1.0843,1.0843,0,730,0.0
2024-06-03 08:17:00-04:00,1.0843,1.0844,1.0843,1.0844,0,722,0.0
2024-06-03 08:18:00-04:00,1.0844,1.0844,1.0843,1.0843,0,797,0.0
2024-06-03 08:19:00-04:00,1.0843,1.0844,1.0843,1.0844,0,697,0.0
2024-06-03 08:20:00-04:00,1.0844,1.0845,1.0844,1.0845,0,859,0.0
2024-06-03 08:21:00-04:00,1.0845,1.0846,1.0845,1.0846,0,735,0.0
2024-06-03 08:22:00-04:00,1.0846,1.0846,1.0845,1.0846,0,745,0.0
2024-06-03 08:23:00-04:00,1.0846,1.0846,1.0845,1.0845,0,719,0.0
2024-06-03 08:24:00-04:00,1.0845,1.0847,1.0845,1.0847,0,736,0.0
2024-06-03 08:25:00-04:00,1.0847,1.0848,1.0847,1.0847,0,839,0.0
2024-06-03 08:26:00-04:00,1.0847,1.0848,1.0846,1.0846,0,830,0.0
2024-06-03 08:27:00-04:00,1.0846,1.0847,1.0846,1.0846,0,742,0.0
2024-06-03 08:28:00-04:00,1.0846,1.0847,1.0846,1.0846,0,865,0.0
2024-06-03 08:29:00-04:00,1.0846,1.0847,1.0846,1.0847,0,736,0.0
2024-06-03 08:30:00-04:00,1.0847,1.0847,1.0847,1.0847,0,839,0.0
2024-06-03 08:31:00-04:00,1.0847,1.0848,1.0847,1.0848,0,789,0.0
2024-06-03 08:32:00-04:00,1.0848,1.0849,1.0848,1.0849,0,805,0.0
2024-06-03 08:33:00-04:00,1.0849,1.085,1.0849,1.085,0,779,0.0
2024-06-03 08:34:00-04:00,1.085,1.085,1.0849,1.085,0,759,0.0
2024-06-03 08:35:00-04:00,1.085,1.085,1.0849,1.085,0,682,0.0
2024-06-03 08:36:00-04:00,1.085,1.085,1.0847,1.0848,0,895,0.0
2024-06-03 08:37:00-04:00,1.0848,1.0848,1.0847,1.0847,0,719,0.0
2024-06-03 08:38:00-04:00,1.0847,1.0847,1.0846,1.0847,0,697,0.0
2024-06-03 08:39:00-04:00,1.0847,1.0848,1.0847,1.0848,0,732,0.0
2024-06-03 08:40:00-04:00,1.0848,1.0849,1.0848,1.0849,0,947,0.0
2024-06-03 08:41:00-04:00,1.0849,1.085,1.0849,1.0849,0,796,0.0
2024-06-03 08:42:00-04:00,1.0849,1.0849,1.0848,1.0849,0,824,0.0
2024-06-03 08:43:00-04:00,1.0849,1.0849,1.0848,1.0848,0,818,0.0
2024-06-03 08:44:00-04:00,1.0848,1.0849,1.0848,1.0848,0,688,0.0
2024-06-03 08:45:00-04:00,1.0848,1.0848,1.0845,1.0845,0,745,0.0
2024-06-03 08:46:00-04:00,1.0845,1.0846,1.0844,1.0845,0,859,0.0
2024-06-03 08:47:00-04:00,1.0845,1.0846,1.0844,1.0844,0,747,0.0
2024-06-03 08:48:00-04:00,1.0844,1.0845,1.0844,1.0845,0,769,0.0
2024-06-03 08:49:00-04:00,1.0845,1.0845,1.0844,1.0845,0,773,0.0
2024-06-03 08:50:00-04:00,1.0845,1.0845,1.0843,1.0843,0,807,0.0
2024-06-03 08:51:00-04:00,1.0843,1.0844,1.0843,1.0843,0,772,0.0
2024-06-03 08:52:00-04:00,1.0843,1.0844,1.0843,1.0843,0,825,0.0
2024-06-03 08:53:00-04:00,1.0843,1.0843,1.0843,1.0843,0,810,0.0
2024-06-03 08:54:00-04:00,1.0843,1.0844,1.0842,1.0844,0,768,0.0
2024-06-03 08:55:00-04:00,1.0844,1.0845,1.0843,1.0845,0,806,0.0
2024-06-03 08:56:00-04:00,1.0845,1.0846,1.0844,1.0845,0,846,0.0
2024-06-03 08:57:00-04:00,1.0845,1.0845,1.0845,1.0845,0,820,0.0
2024-06-03 08:58:00-04:00,1.0845,1.0845,1.0844,1.0844,0,783,0.0
2024-06-03 08:59:00-04:00,1.0844,1.0845,1.0844,1.0845,0,774,0.0
2024-06-03 09:00:00-04:00,1.0845,1.0847,1.0845,1.0846,0,907,0.0
2024-06-03 09:01:00-04:00,1.0846,1.0847,1.0846,1.0847,0,780,0.0
2024-06-03 09:02:00-04:00,1.0847,1.0847,1.0847,1.0847,0,741,0.0
2024-06-03 09:03:00-04:00,1.0847,1.0848,1.0846,1.0848,0,886,0.0
2024-06-03 09:04:00-04:00,1.0848,1.0848,1.0847,1.0848,0,716,0.0
2024-06-03 09:05:00-04:00,1.0848,1.0849,1.0847,1.0847,0,840,0.0
2024-06-03 09:06:00-04:00,1.0847,1.0848,1.0847,1.0848,0,745,0.0
2024-06-03 09:07:00-04:00,1.0848,1.0848,1.0846,1.0847,0,826,0.0
2024-06-03 09:08:00-04:00,1.0847,1.0847,1.0846,1.0846,0,744,0.0
2024-06-03 09:09:00-04:00,1.0846,1.0847,1.0845,1.0847,0,784,0.0
2024-06-03 09:10:00-04:00,1.0847,1.0848,1.0847,1.0848,0,791,0.0
2024-06-03 09:11:00-04:00,1.0848,1.0849,1.0847,1.0849,0,775,0.0
2024-06-03 09:12:00-04:00,1.0849,1.0849,1.0849,1.0849,0,684,0.0
2024-06-03 09:13:00-04:00,1.0849,1.0849,1.0848,1.0848,0,686,0.0
2024-06-03 09:14:00-04:00,1.0848,1.0849,1.0848,1.0848,0,744,0.0
2024-06-03 09:15:00-04:00,1.0848,1.0848,1.0847,1.0848,0,757,0.0
2024-06-03 09:16:00-04:00,1.0848,1.0849,1.0848,1.0849,0,836,0.0
2024-06-03 09:17:00-04:00,1.0849,1.085,1.0849,1.0849,0,723,0.0
2024-06-03 09:18:00-04:00,1.0849,1.085,1.0849,1.0849,0,715,0.0
2024-06-03 09:19:00-04:00,1.0849,1.0849,1.0848,1.0849,0,697,0.0
2024-06-03 09:20:00-04:00,1.0849,1.0849,1.0848,1.0848,0,685,0.0
2024-06-03 09:21:00-04:00,1.0848,1.0849,1.0847,1.0848,0,839,0.0
2024-06-03 09:22:00-04:00,1.0848,1.0849,1.0848,1.0849,0,845,0.0
2024-06-03 09:23:00-04:00,1.0849,1.085,1.0849,1.085,0,709,0.0
2024-06-03 09:24:00-04:00,1.085,1.0851,1.085,1.085,0,689,0.0
2024-06-03 09:25:00-04:00,1.085,1.0852,1.085,1.0851,0,751,0.0
2024-06-03 09:26:00-04:00,1.0851,1.0852,1.0851,1.0851,0,711,0.0
2024-06-03 09:27:00-04:00,1.0851,1.0852,1.0851,1.0851,0,727,0.0
2024-06-03 09:28:00-04:00,1.0851,1.0852,1.0851,1.0851,0,773,0.0
2024-06-03 09:29:00-04:00,1.0851,1.0853,1.0851,1.0852,0,802,0.0
2024-06-03 09:30:00-04:00,1.0852,1.0852,1.0851,1.0852,0,972,0.0
2024-06-03 09:31:00-04:00,1.0852,1.0852,1.0851,1.0852,0,865,0.0
2024-06-03 09:32:00-04:00,1.0852,1.0852,1.0851,1.0852,0,874,0.0
2024-06-03 09:33:00-04:00,1.0852,1.0852,1.0851,1.0851,0,857,0.0
2024-06-03 09:34:00-04:00,1.0851,1.0853,1.0851,1.0853,0,802,0.0
2024-06-03 09:35:00-04:00,1.0853,1.0854,1.0853,1.0853,0,750,0.0
2024-06-03 09:36:00-04:00,1.0853,1.0854,1.0853,1.0853,0,766,0.0
2024-06-03 09:37:00-04:00,1.0853,1.0853,1.0852,1.0853,0,841,0.0
2024-06-03 09:38:00-04:00,1.0853,1.0853,1.0852,1.0852,0,827,0.0
2024-06-03 09:39:00-04:00,1.0852,1.0853,1.0852,1.0853,0,750,0.0
2024-06-03 09:40:00-04:00,1.0853,1.0853,1.0852,1.0852,0,839,0.0
2024-06-03 09:41:00-04:00,1.0852,1.0853,1.0852,1.0852,0,704,0.0
2024-06-03 09:42:00-04:00,1.0852,1.0853,1.0852,1.0853,0,674,0.0
2024-06-03 09:43:00-04:00,1.0853,1.0854,1.0853,1.0854,0,691,0.0
2024-06-03 09:44:00-04:00,1.0854,1.0854,1.0853,1.0854,0,735,0.0
2024-06-03 09:45:00-04:00,1.0854,1.0854,1.0853,1.0853,0,762,0.0
2024-06-03 09:46:00-04:00,1.0853,1.0854,1.0852,1.0852,0,795,0.0
2024-06-03 09:47:00-04:00,1.0852,1.0852,1.0851,1.0851,0,1003,0.0
2024-06-03 09:48:00-04:00,1.0851,1.0852,1.0851,1.0852,0,834,0.0
2024-06-03 09:49:00-04:00,1.0852,1.0852,1.0851,1.0852,0,832,0.0
2024-06-03 09:50:00-04:00,1.0852,1.0852,1.0851,1.0851,0,916,0.0
2024-06-03 09:51:00-04:00,1.0851,1.0851,1.085,1.085,0,823,0.0
2024-06-03 09:52:00-04:00,1.085,1.0851,1.085,1.085,0,789,0.0
2024-06-03 09:53:00-04:00,1.085,1.0852,1.085,1.0852,0,845,0.0
2024-06-03 09:54:00-04:00,1.0852,1.0852,1.0851,1.0851,0,818,0.0
2024-06-03 09:55:00-04:00,1.0851,1.0852,1.085,1.0851,0,889,0.0
2024-06-03 09:56:00-04:00,1.0851,1.0851,1.0849,1.085,0,835,0.0
2024-06-03 09:57:00-04:00,1.085,1.0851,1.085,1.0851,0,779,0.0
2024-06-03 09:58:00-04:00,1.0851,1.0851,1.0851,1.0851,0,713,0.0
2024-06-03 09:59:00-04:00,1.0851,1.0865,1.085,1.0865,0,900,0.0
2024-06-03 10:00:00-04:00,1.0865,1.0871,1.0865,1.0868,0,1969,0.0
2024-06-03 10:01:00-04:00,1.0868,1.0869,1.0866,1.0866,0,1905,0.0
2024-06-03 10:02:00-04:00,1.0866,1.0867,1.0863,1.0865,0,1314,0.0
2024-06-03 10:03:00-04:00,1.0866,1.0869,1.0865,1.0869,0,1150,0.0
2024-06-03 10:04:00-04:00,1.0869,1.0872,1.0869,1.087,0,1452,0.0
2024-06-03 10:05:00-04:00,1.087,1.0872,1.087,1.0871,0,1445,0.0
2024-06-03 10:06:00-04:00,1.0871,1.0875,1.0871,1.0874,0,1561,0.0
2024-06-03 10:07:00-04:00,1.0874,1.0878,1.0874,1.0878,0,1319,0.0
2024-06-03 10:08:00-04:00,1.0878,1.0879,1.0877,1.0877,0,1369,0.0
2024-06-03 10:09:00-04:00,1.0877,1.088,1.0877,1.0877,0,1428,0.0
2024-06-03 10:10:00-04:00,1.0877,1.0881,1.0877,1.0881,0,1008,0.0
2024-06-03 10:11:00-04:00,1.0881,1.0882,1.088,1.0881,0,1067,0.0
2024-06-03 10:12:00-04:00,1.0881,1.0881,1.0878,1.0879,0,1148,0.0
2024-06-03 10:13:00-04:00,1.0879,1.0881,1.0879,1.088,0,1184,0.0
2024-06-03 10:14:00-04:00,1.088,1.0881,1.0879,1.088,0,1125,0.0
2024-06-03 10:15:00-04:00,1.088,1.0882,1.088,1.0882,0,956,0.0
2024-06-03 10:16:00-04:00,1.0882,1.0882,1.088,1.0881,0,928,0.0
2024-06-03 10:17:00-04:00,1.0881,1.0881,1.0879,1.0881,0,1143,0.0
2024-06-03 10:18:00-04:00,1.0881,1.0881,1.0879,1.088,0,1150,0.0
2024-06-03 10:19:00-04:00,1.088,1.0882,1.0879,1.0881,0,1134,0.0
2024-06-03 10:20:00-04:00,1.0881,1.0882,1.0877,1.0877,0,979,0.0
2024-06-03 10:21:00-04:00,1.0877,1.0877,1.0874,1.0874,0,1109,0.0
2024-06-03 10:22:00-04:00,1.0874,1.0876,1.0874,1.0875,0,994,0.0
2024-06-03 10:23:00-04:00,1.0876,1.0878,1.0876,1.0877,0,1010,0.0
2024-06-03 10:24:00-04:00,1.0877,1.0877,1.0875,1.0876,0,1038,0.0
2024-06-03 10:25:00-04:00,1.0876,1.0877,1.0875,1.0876,0,1161,0.0
2024-06-03 10:26:00-04:00,1.0876,1.0877,1.0874,1.0875,0,1035,0.0
2024-06-03 10:27:00-04:00,1.0875,1.0876,1.0873,1.0876,0,990,0.0
2024-06-03 10:28:00-04:00,1.0876,1.0878,1.0876,1.0877,0,1112,0.0
2024-06-03 10:29:00-04:00,1.0877,1.0879,1.0877,1.0879,0,995,0.0
2024-06-03 10:30:00-04:00,1.0879,1.088,1.0878,1.0879,0,1159,0.0
2024-06-03 10:31:00-04:00,1.0879,1.088,1.0878,1.0878,0,997,0.0
2024-06-03 10:32:00-04:00,1.0878,1.0879,1.0876,1.0877,0,1013,0.0
2024-06-03 10:33:00-04:00,1.0877,1.0878,1.0876,1.0876,0,874,0.0
2024-06-03 10:34:00-04:00,1.0876,1.0876,1.0874,1.0874,0,944,0.0
2024-06-03 10:35:00-04:00,1.0874,1.0876,1.0874,1.0875,0,887,0.0
2024-06-03 10:36:00-04:00,1.0875,1.0877,1.0874,1.0875,0,995,0.0
2024-06-03 10:37:00-04:00,1.0875,1.0879,1.0875,1.0879,0,890,0.0
2024-06-03 10:38:00-04:00,1.0879,1.0879,1.0876,1.0879,0,914,0.0
2024-06-03 10:39:00-04:00,1.0879,1.088,1.0879,1.0879,0,919,0.0
2024-06-03 10:40:00-04:00,1.0879,1.088,1.0878,1.0878,0,894,0.0
2024-06-03 10:41:00-04:00,1.0878,1.0879,1.0878,1.0878,0,888,0.0
2024-06-03 10:42:00-04:00,1.0878,1.0879,1.0877,1.0878,0,898,0.0
2024-06-03 10:43:00-04:00,1.0878,1.0878,1.0877,1.0877,0,926,0.0
2024-06-03 10:44:00-04:00,1.0877,1.0877,1.0876,1.0876,0,844,0.0
2024-06-03 10:45:00-04:00,1.0876,1.0877,1.0875,1.0875,0,977,0.0
2024-06-03 10:46:00-04:00,1.0875,1.0877,1.0875,1.0875,0,973,0.0
2024-06-03 10:47:00-04:00,1.0875,1.0875,1.0873,1.0874,0,873,0.0
2024-06-03 10:48:00-04:00,1.0874,1.0875,1.0873,1.0875,0,973,0.0
2024-06-03 10:49:00-04:00,1.0875,1.0875,1.0873,1.0874,0,838,0.0
2024-06-03 10:50:00-04:00,1.0874,1.0875,1.0874,1.0874,0,848,0.0
2024-06-03 10:51:00-04:00,1.0874,1.0874,1.0872,1.0872,0,810,0.0
2024-06-03 10:52:00-04:00,1.0872,1.0873,1.0872,1.0873,0,832,0.0
2024-06-03 10:53:00-04:00,1.0873,1.0875,1.0873,1.0873,0,1113,0.0
2024-06-03 10:54:00-04:00,1.0873,1.0873,1.0871,1.0871,0,1020,0.0
2024-06-03 10:55:00-04:00,1.0871,1.0871,1.087,1.087,0,867,0.0
2024-06-03 10:56:00-04:00,1.087,1.0871,1.0867,1.0867,0,993,0.0
2024-06-03 10:57:00-04:00,1.0867,1.087,1.0867,1.0869,0,871,0.0
2024-06-03 10:58:00-04:00,1.0869,1.087,1.0869,1.0869,0,919,0.0
2024-06-03 10:59:00-04:00,1.0869,1.087,1.0869,1.087,0,852,0.0
2024-06-03 11:00:00-04:00,1.087,1.0872,1.087,1.0872,0,869,0.0
2024-06-03 11:01:00-04:00,1.0872,1.0873,1.0871,1.0873,0,946,0.0
2024-06-03 11:02:00-04:00,1.0873,1.0874,1.0873,1.0873,0,912,0.0
2024-06-03 11:03:00-04:00,1.0873,1.0877,1.0873,1.0876,0,895,0.0
2024-06-03 11:04:00-04:00,1.0876,1.0877,1.0876,1.0876,0,917,0.0
2024-06-03 11:05:00-04:00,1.0876,1.0877,1.0876,1.0876,0,819,0.0
2024-06-03 11:06:00-04:00,1.0876,1.0877,1.0875,1.0877,0,901,0.0
2024-06-03 11:07:00-04:00,1.0877,1.0878,1.0877,1.0878,0,776,0.0
2024-06-03 11:08:00-04:00,1.0878,1.0879,1.0878,1.0878,0,742,0.0
2024-06-03 11:09:00-04:00,1.0878,1.088,1.0878,1.088,0,855,0.0
2024-06-03 11:10:00-04:00,1.088,1.088,1.0879,1.0879,0,893,0.0
2024-06-03 11:11:00-04:00,1.0879,1.0881,1.0879,1.0881,0,769,0.0
2024-06-03 11:12:00-04:00,1.0881,1.0882,1.088,1.0881,0,873,0.0
2024-06-03 11:13:00-04:00,1.0881,1.0882,1.0881,1.0882,0,756,0.0
2024-06-03 11:14:00-04:00,1.0882,1.0883,1.0882,1.0882,0,755,0.0
2024-06-03 11:15:00-04:00,1.0882,1.0883,1.0882,1.0882,0,768,0.0
2024-06-03 11:16:00-04:00,1.0882,1.0883,1.0882,1.0883,0,721,0.0
2024-06-03 11:17:00-04:00,1.0883,1.0883,1.0882,1.0883,0,811,0.0
2024-06-03 11:18:00-04:00,1.0883,1.0883,1.0881,1.0882,0,768,0.0
2024-06-03 11:19:00-04:00,1.0882,1.0883,1.0882,1.0883,0,741,0.0
2024-06-03 11:20:00-04:00,1.0883,1.0884,1.0883,1.0884,0,714,0.0
2024-06-03 11:21:00-04:00,1.0884,1.0884,1.0883,1.0883,0,735,0.0
2024-06-03 11:22:00-04:00,1.0883,1.0884,1.0883,1.0884,0,741,0.0
2024-06-03 11:23:00-04:00,1.0884,1.0885,1.0883,1.0884,0,794,0.0
2024-06-03 11:24:00-04:00,1.0884,1.0886,1.0884,1.0886,0,778,0.0
2024-06-03 11:25:00-04:00,1.0886,1.0887,1.0886,1.0887,0,801,0.0
2024-06-03 11:26:00-04:00,1.0887,1.0888,1.0886,1.0888,0,810,0.0
2024-06-03 11:27:00-04:00,1.0888,1.0888,1.0886,1.0886,0,773,0.0
2024-06-03 11:28:00-04:00,1.0886,1.0887,1.0886,1.0887,0,859,0.0
2024-06-03 11:29:00-04:00,1.0887,1.0888,1.0887,1.0887,0,846,0.0
2024-06-03 11:30:00-04:00,1.0887,1.0888,1.0887,1.0887,0,804,0.0
2024-06-03 11:31:00-04:00,1.0887,1.0887,1.0886,1.0886,0,759,0.0
2024-06-03 11:32:00-04:00,1.0886,1.0887,1.0886,1.0886,0,800,0.0
2024-06-03 11:33:00-04:00,1.0886,1.0888,1.0886,1.0888,0,840,0.0
2024-06-03 11:34:00-04:00,1.0888,1.0889,1.0888,1.0888,0,743,0.0
2024-06-03 11:35:00-04:00,1.0888,1.0888,1.0887,1.0888,0,729,0.0
2024-06-03 11:36:00-04:00,1.0888,1.089,1.0888,1.089,0,817,0.0
2024-06-03 11:37:00-04:00,1.089,1.089,1.089,1.089,0,754,0.0
2024-06-03 11:38:00-04:00,1.089,1.089,1.0889,1.089,0,760,0.0
2024-06-03 11:39:00-04:00,1.089,1.089,1.0889,1.0889,0,727,0.0
2024-06-03 11:40:00-04:00,1.0889,1.089,1.0889,1.089,0,704,0.0
2024-06-03 11:41:00-04:00,1.089,1.089,1.0889,1.089,0,741,0.0
2024-06-03 11:42:00-04:00,1.089,1.089,1.0888,1.0889,0,765,0.0
2024-06-03 11:43:00-04:00,1.0889,1.089,1.0889,1.089,0,722,0.0
2024-06-03 11:44:00-04:00,1.089,1.089,1.0889,1.0889,0,719,0.0
2024-06-03 11:45:00-04:00,1.0889,1.0889,1.0887,1.0887,0,715,0.0
2024-06-03 11:46:00-04:00,1.0887,1.0888,1.0887,1.0888,0,710,0.0
2024-06-03 11:47:00-04:00,1.0888,1.0888,1.0887,1.0887,0,717,0.0
2024-06-03 11:48:00-04:00,1.0887,1.0888,1.0887,1.0888,0,759,0.0
2024-06-03 11:49:00-04:00,1.0888,1.0889,1.0888,1.0889,0,707,0.0
2024-06-03 11:50:00-04:00,1.0889,1.0889,1.0888,1.0889,0,762,0.0
2024-06-03 11:51:00-04:00,1.0889,1.0889,1.0888,1.0889,0,786,0.0
2024-06-03 11:52:00-04:00,1.0889,1.089,1.0888,1.089,0,768,0.0
2024-06-03 11:53:00-04:00,1.089,1.089,1.0889,1.089,0,700,0.0
2024-06-03 11:54:00-04:00,1.089,1.089,1.089,1.089,0,744,0.0
2024-06-03 11:55:00-04:00,1.089,1.089,1.0889,1.089,0,787,0.0
2024-06-03 11:56:00-04:00,1.089,1.089,1.0889,1.0889,0,756,0.0
2024-06-03 11:57:00-04:00,1.0889,1.0889,1.0889,1.0889,0,727,0.0
2024-06-03 11:58:00-04:00,1.0889,1.0889,1.0889,1.0889,0,773,0.0
2024-06-03 11:59:00-04:00,1.0889,1.089,1.0889,1.089,0,773,0.0
2024-06-03 12:00:00-04:00,1.089,1.089,1.0889,1.089,0,777,0.0
2024-06-03 12:01:00-04:00,1.089,1.089,1.0889,1.089,0,784,0.0
2024-06-03 12:02:00-04:00,1.089,1.089,1.0889,1.0889,0,790,0.0
2024-06-03 12:03:00-04:00,1.0889,1.0889,1.0888,1.0889,0,696,0.0
2024-06-03 12:04:00-04:00,1.0889,1.0889,1.0889,1.0889,0,695,0.0
2024-06-03 12:05:00-04:00,1.0889,1.0889,1.0888,1.0888,0,793,0.0
2024-06-03 12:06:00-04:00,1.0888,1.0888,1.0888,1.0888,0,790,0.0
2024-06-03 12:07:00-04:00,1.0888,1.0889,1.0888,1.0889,0,697,0.0
2024-06-03 12:08:00-04:00,1.0889,1.0889,1.0888,1.0888,0,735,0.0
2024-06-03 12:09:00-04:00,1.0888,1.0889,1.0887,1.0888,0,749,0.0
2024-06-03 12:10:00-04:00,1.0888,1.089,1.0888,1.089,0,773,0.0
2024-06-03 12:11:00-04:00,1.089,1.089,1.0889,1.089,0,772,0.0
2024-06-03 12:12:00-04:00,1.089,1.089,1.0888,1.0888,0,872,0.0
2024-06-03 12:13:00-04:00,1.0888,1.0888,1.0887,1.0887,0,934,0.0
2024-06-03 12:14:00-04:00,1.0887,1.0887,1.0886,1.0886,0,832,0.0
2024-06-03 12:15:00-04:00,1.0886,1.0887,1.0886,1.0886,0,811,0.0
2024-06-03 12:16:00-04:00,1.0886,1.0888,1.0886,1.0888,0,837,0.0
2024-06-03 12:17:00-04:00,1.0888,1.0888,1.0886,1.0886,0,898,0.0
2024-06-03 12:18:00-04:00,1.0886,1.0887,1.0886,1.0886,0,827,0.0
2024-06-03 12:19:00-04:00,1.0886,1.0886,1.0885,1.0885,0,768,0.0
2024-06-03 12:20:00-04:00,1.0885,1.0886,1.0885,1.0885,0,866,0.0
2024-06-03 12:21:00-04:00,1.0885,1.0886,1.0885,1.0885,0,763,0.0
2024-06-03 12:22:00-04:00,1.0885,1.0885,1.0884,1.0885,0,821,0.0
2024-06-03 12:23:00-04:00,1.0885,1.0885,1.0884,1.0885,0,785,0.0
2024-06-03 12:24:00-04:00,1.0885,1.0885,1.0884,1.0885,0,778,0.0
2024-06-03 12:25:00-04:00,1.0885,1.0885,1.0884,1.0884,0,726,0.0
2024-06-03 12:26:00-04:00,1.0884,1.0885,1.0884,1.0884,0,809,0.0
2024-06-03 12:27:00-04:00,1.0884,1.0885,1.0884,1.0884,0,722,0.0
2024-06-03 12:28:00-04:00,1.0884,1.0884,1.0883,1.0884,0,728,0.0
2024-06-03 12:29:00-04:00,1.0884,1.0884,1.0883,1.0884,0,701,0.0
2024-06-03 12:30:00-04:00,1.0884,1.0884,1.0882,1.0883,0,898,0.0
2024-06-03 12:31:00-04:00,1.0883,1.0883,1.0882,1.0882,0,846,0.0
2024-06-03 12:32:00-04:00,1.0882,1.0882,1.0882,1.0882,0,735,0.0
2024-06-03 12:33:00-04:00,1.0882,1.0882,1.0881,1.0882,0,776,0.0
2024-06-03 12:34:00-04:00,1.0882,1.0883,1.0881,1.0883,0,745,0.0
2024-06-03 12:35:00-04:00,1.0883,1.0883,1.0882,1.0883,0,757,0.0
2024-06-03 12:36:00-04:00,1.0883,1.0884,1.0882,1.0884,0,808,0.0
2024-06-03 12:37:00-04:00,1.0884,1.0885,1.0884,1.0885,0,785,0.0
2024-06-03 12:38:00-04:00,1.0885,1.0885,1.0885,1.0885,0,725,0.0
2024-06-03 12:39:00-04:00,1.0885,1.0886,1.0885,1.0886,0,728,0.0
2024-06-03 12:40:00-04:00,1.0886,1.0887,1.0886,1.0886,0,783,0.0
2024-06-03 12:41:00-04:00,1.0886,1.0887,1.0885,1.0887,0,805,0.0
2024-06-03 12:42:00-04:00,1.0887,1.0887,1.0885,1.0886,0,667,0.0
2024-06-03 12:43:00-04:00,1.0886,1.0886,1.0885,1.0886,0,798,0.0
2024-06-03 12:44:00-04:00,1.0886,1.0886,1.0885,1.0885,0,758,0.0
2024-06-03 12:45:00-04:00,1.0885,1.0886,1.0885,1.0885,0,705,0.0
2024-06-03 12:46:00-04:00,1.0885,1.0887,1.0885,1.0887,0,730,0.0
2024-06-03 12:47:00-04:00,1.0887,1.0887,1.0886,1.0887,0,702,0.0
2024-06-03 12:48:00-04:00,1.0887,1.0887,1.0886,1.0887,0,747,0.0
2024-06-03 12:49:00-04:00,1.0887,1.0887,1.0886,1.0886,0,733,0.0
2024-06-03 12:50:00-04:00,1.0886,1.0887,1.0886,1.0886,0,799,0.0
2024-06-03 12:51:00-04:00,1.0886,1.0887,1.0886,1.0887,0,767,0.0
2024-06-03 12:52:00-04:00,1.0887,1.0887,1.0886,1.0886,0,818,0.0
2024-06-03 12:53:00-04:00,1.0886,1.0886,1.0885,1.0886,0,838,0.0
2024-06-03 12:54:00-04:00,1.0886,1.0887,1.0886,1.0886,0,780,0.0
2024-06-03 12:55:00-04:00,1.0886,1.0886,1.0886,1.0886,0,730,0.0
2024-06-03 12:56:00-04:00,1.0886,1.0887,1.0886,1.0887,0,761,0.0
2024-06-03 12:57:00-04:00,1.0887,1.0887,1.0887,1.0887,0,707,0.0
2024-06-03 12:58:00-04:00,1.0887,1.0887,1.0886,1.0886,0,732,0.0
2024-06-03 12:59:00-04:00,1.0886,1.0886,1.0885,1.0885,0,734,0.0
2024-06-03 13:00:00-04:00,1.0885,1.0885,1.0884,1.0884,0,867,0.0
2024-06-03 13:01:00-04:00,1.0884,1.0885,1.0883,1.0885,0,756,0.0
2024-06-03 13:02:00-04:00,1.0885,1.0885,1.0884,1.0885,0,782,0.0
2024-06-03 13:03:00-04:00,1.0885,1.0885,1.0884,1.0884,0,712,0.0
2024-06-03 13:04:00-04:00,1.0884,1.0886,1.0884,1.0885,0,754,0.0
2024-06-03 13:05:00-04:00,1.0885,1.0885,1.0884,1.0885,0,683,0.0
2024-06-03 13:06:00-04:00,1.0885,1.0886,1.0885,1.0886,0,783,0.0
2024-06-03 13:07:00-04:00,1.0886,1.0886,1.0884,1.0884,0,712,0.0
2024-06-03 13:08:00-04:00,1.0884,1.0884,1.0884,1.0884,0,712,0.0
2024-06-03 13:09:00-04:00,1.0884,1.0884,1.0884,1.0884,0,650,0.0
2024-06-03 13:10:00-04:00,1.0884,1.0884,1.0882,1.0883,0,875,0.0
2024-06-03 13:11:00-04:00,1.0883,1.0883,1.0882,1.0882,0,808,0.0
2024-06-03 13:12:00-04:00,1.0882,1.0883,1.0881,1.0882,0,789,0.0
2024-06-03 13:13:00-04:00,1.0882,1.0883,1.0882,1.0883,0,727,0.0
2024-06-03 13:14:00-04:00,1.0883,1.0884,1.0883,1.0883,0,759,0.0
2024-06-03 13:15:00-04:00,1.0883,1.0884,1.0883,1.0883,0,678,0.0
2024-06-03 13:16:00-04:00,1.0883,1.0884,1.0883,1.0884,0,731,0.0
2024-06-03 13:17:00-04:00,1.0884,1.0885,1.0884,1.0885,0,657,0.0
2024-06-03 13:18:00-04:00,1.0885,1.0886,1.0885,1.0886,0,753,0.0
2024-06-03 13:19:00-04:00,1.0886,1.0887,1.0886,1.0886,0,752,0.0
2024-06-03 13:20:00-04:00,1.0886,1.0887,1.0886,1.0887,0,703,0.0
2024-06-03 13:21:00-04:00,1.0887,1.0888,1.0887,1.0888,0,735,0.0
2024-06-03 13:22:00-04:00,1.0888,1.0888,1.0887,1.0888,0,746,0.0
2024-06-03 13:23:00-04:00,1.0888,1.0888,1.0888,1.0888,0,718,0.0
2024-06-03 13:24:00-04:00,1.0888,1.0888,1.0887,1.0887,0,730,0.0
2024-06-03 13:25:00-04:00,1.0887,1.0887,1.0886,1.0886,0,759,0.0
2024-06-03 13:26:00-04:00,1.0886,1.0887,1.0886,1.0887,0,686,0.0
2024-06-03 13:27:00-04:00,1.0887,1.0888,1.0887,1.0887,0,704,0.0
2024-06-03 13:28:00-04:00,1.0887,1.0888,1.0887,1.0888,0,691,0.0
2024-06-03 13:29:00-04:00,1.0888,1.0888,1.0887,1.0888,0,688,0.0
2024-06-03 13:30:00-04:00,1.0888,1.0888,1.0887,1.0888,0,720,0.0
2024-06-03 13:31:00-04:00,1.0888,1.0888,1.0888,1.0888,0,682,0.0
2024-06-03 13:32:00-04:00,1.0888,1.0889,1.0888,1.0888,0,723,0.0
2024-06-03 13:33:00-04:00,1.0888,1.0888,1.0888,1.0888,0,681,0.0
2024-06-03 13:34:00-04:00,1.0888,1.0888,1.0888,1.0888,0,649,0.0
2024-06-03 13:35:00-04:00,1.0888,1.0888,1.0887,1.0888,0,698,0.0
2024-06-03 13:36:00-04:00,1.0888,1.0888,1.0888,1.0888,0,667,0.0
2024-06-03 13:37:00-04:00,1.0888,1.0889,1.0888,1.0888,0,666,0.0
2024-06-03 13:38:00-04:00,1.0888,1.0888,1.0888,1.0888,0,657,0.0
2024-06-03 13:39:00-04:00,1.0888,1.0888,1.0888,1.0888,0,632,0.0
2024-06-03 13:40:00-04:00,1.0888,1.0889,1.0888,1.0888,0,739,0.0
2024-06-03 13:41:00-04:00,1.0888,1.0888,1.0888,1.0888,0,640,0.0
2024-06-03 13:42:00-04:00,1.0888,1.0888,1.0887,1.0888,0,694,0.0
2024-06-03 13:43:00-04:00,1.0888,1.0888,1.0888,1.0888,0,648,0.0
2024-06-03 13:44:00-04:00,1.0888,1.0888,1.0888,1.0888,0,684,0.0
2024-06-03 13:45:00-04:00,1.0888,1.0889,1.0888,1.0888,0,644,0.0
2024-06-03 13:46:00-04:00,1.0888,1.0888,1.0888,1.0888,0,714,0.0
2024-06-03 13:47:00-04:00,1.0888,1.0888,1.0887,1.0887,0,667,0.0
2024-06-03 13:48:00-04:00,1.0887,1.0888,1.0886,1.0887,0,743,0.0
2024-06-03 13:49:00-04:00,1.0887,1.0888,1.0887,1.0887,0,663,0.0
2024-06-03 13:50:00-04:00,1.0887,1.0887,1.0886,1.0887,0,759,0.0
2024-06-03 13:51:00-04:00,1.0887,1.0887,1.0886,1.0886,0,732,0.0
2024-06-03 13:52:00-04:00,1.0886,1.0887,1.0886,1.0886,0,709,0.0
2024-06-03 13:53:00-04:00,1.0886,1.0887,1.0886,1.0887,0,780,0.0
2024-06-03 13:54:00-04:00,1.0887,1.0887,1.0887,1.0887,0,674,0.0
2024-06-03 13:55:00-04:00,1.0887,1.0887,1.0886,1.0886,0,770,0.0
2024-06-03 13:56:00-04:00,1.0886,1.0886,1.0886,1.0886,0,653,0.0
2024-06-03 13:57:00-04:00,1.0886,1.0887,1.0886,1.0887,0,794,0.0
2024-06-03 13:58:00-04:00,1.0887,1.0887,1.0886,1.0887,0,775,0.0
2024-06-03 13:59:00-04:00,1.0887,1.0888,1.0887,1.0888,0,709,0.0
2024-06-03 14:00:00-04:00,1.0888,1.0889,1.0888,1.0888,0,727,0.0
2024-06-03 14:01:00-04:00,1.0888,1.0888,1.0887,1.0888,0,713,0.0
2024-06-03 14:02:00-04:00,1.0888,1.0888,1.0887,1.0887,0,688,0.0
2024-06-03 14:03:00-04:00,1.0887,1.0887,1.0887,1.0887,0,643,0.0
2024-06-03 14:04:00-04:00,1.0887,1.0888,1.0887,1.0888,0,687,0.0
2024-06-03 14:05:00-04:00,1.0888,1.0888,1.0887,1.0887,0,696,0.0
2024-06-03 14:06:00-04:00,1.0887,1.0888,1.0887,1.0887,0,676,0.0
2024-06-03 14:07:00-04:00,1.0887,1.0888,1.0887,1.0888,0,719,0.0
2024-06-03 14:08:00-04:00,1.0888,1.0889,1.0888,1.0888,0,717,0.0
2024-06-03 14:09:00-04:00,1.0888,1.0888,1.0888,1.0888,0,713,0.0
2024-06-03 14:10:00-04:00,1.0888,1.0889,1.0888,1.0888,0,659,0.0
2024-06-03 14:11:00-04:00,1.0888,1.0888,1.0888,1.0888,0,674,0.0
2024-06-03 14:12:00-04:00,1.0888,1.0888,1.0888,1.0888,0,702,0.0
2024-06-03 14:13:00-04:00,1.0888,1.0888,1.0887,1.0888,0,755,0.0
2024-06-03 14:14:00-04:00,1.0888,1.0888,1.0887,1.0888,0,676,0.0
2024-06-03 14:15:00-04:00,1.0888,1.0889,1.0888,1.0889,0,673,0.0
2024-06-03 14:16:00-04:00,1.0889,1.0889,1.0889,1.0889,0,662,0.0
2024-06-03 14:17:00-04:00,1.0889,1.0889,1.0889,1.0889,0,686,0.0
2024-06-03 14:18:00-04:00,1.0889,1.089,1.0889,1.089,0,656,0.0
2024-06-03 14:19:00-04:00,1.089,1.089,1.089,1.089,0,624,0.0
2024-06-03 14:20:00-04:00,1.089,1.089,1.089,1.089,0,658,0.0
2024-06-03 14:21:00-04:00,1.089,1.0892,1.089,1.0892,0,721,0.0
2024-06-03 14:22:00-04:00,1.0892,1.0892,1.0891,1.0891,0,696,0.0
2024-06-03 14:23:00-04:00,1.0891,1.0892,1.0891,1.0892,0,743,0.0
2024-06-03 14:24:00-04:00,1.0892,1.0892,1.0891,1.0892,0,684,0.0
2024-06-03 14:25:00-04:00,1.0892,1.0893,1.0892,1.0893,0,657,0.0
2024-06-03 14:26:00-04:00,1.0893,1.0893,1.0893,1.0893,0,713,0.0
2024-06-03 14:27:00-04:00,1.0893,1.0893,1.0892,1.0893,0,777,0.0
2024-06-03 14:28:00-04:00,1.0893,1.0893,1.0892,1.0893,0,710,0.0
2024-06-03 14:29:00-04:00,1.0893,1.0893,1.0892,1.0893,0,687,0.0
2024-06-03 14:30:00-04:00,1.0893,1.0894,1.0893,1.0894,0,766,0.0
2024-06-03 14:31:00-04:00,1.0894,1.0894,1.0893,1.0893,0,799,0.0
2024-06-03 14:32:00-04:00,1.0893,1.0894,1.0893,1.0894,0,689,0.0
2024-06-03 14:33:00-04:00,1.0894,1.0894,1.0893,1.0894,0,717,0.0
2024-06-03 14:34:00-04:00,1.0894,1.0894,1.0893,1.0893,0,735,0.0
2024-06-03 14:35:00-04:00,1.0893,1.0894,1.0893,1.0893,0,699,0.0
2024-06-03 14:36:00-04:00,1.0893,1.0895,1.0893,1.0895,0,735,0.0
2024-06-03 14:37:00-04:00,1.0895,1.0895,1.0895,1.0895,0,641,0.0
2024-06-03 14:38:00-04:00,1.0895,1.0895,1.0895,1.0895,0,655,0.0
2024-06-03 14:39:00-04:00,1.0895,1.0895,1.0895,1.0895,0,681,0.0
2024-06-03 14:40:00-04:00,1.0895,1.0896,1.0895,1.0896,0,627,0.0
2024-06-03 14:41:00-04:00,1.0896,1.0896,1.0895,1.0896,0,739,0.0
2024-06-03 14:42:00-04:00,1.0896,1.0896,1.0895,1.0895,0,694,0.0
2024-06-03 14:43:00-04:00,1.0895,1.0895,1.0894,1.0895,0,730,0.0
2024-06-03 14:44:00-04:00,1.0895,1.0895,1.0894,1.0894,0,698,0.0
2024-06-03 14:45:00-04:00,1.0894,1.0895,1.0894,1.0895,0,667,0.0
2024-06-03 14:46:00-04:00,1.0895,1.0896,1.0895,1.0896,0,659,0.0
2024-06-03 14:47:00-04:00,1.0896,1.0896,1.0895,1.0895,0,675,0.0
2024-06-03 14:48:00-04:00,1.0895,1.0896,1.0895,1.0896,0,669,0.0
2024-06-03 14:49:00-04:00,1.0896,1.0896,1.0896,1.0896,0,613,0.0
2024-06-03 14:50:00-04:00,1.0896,1.0896,1.0896,1.0896,0,669,0.0
2024-06-03 14:51:00-04:00,1.0896,1.0896,1.0896,1.0896,0,634,0.0
2024-06-03 14:52:00-04:00,1.0896,1.0897,1.0896,1.0897,0,672,0.0
2024-06-03 14:53:00-04:00,1.0897,1.0897,1.0896,1.0897,0,733,0.0
2024-06-03 14:54:00-04:00,1.0897,1.0897,1.0897,1.0897,0,703,0.0
2024-06-03 14:55:00-04:00,1.0897,1.0897,1.0896,1.0897,0,786,0.0
2024-06-03 14:56:00-04:00,1.0897,1.0897,1.0896,1.0896,0,734,0.0
2024-06-03 14:57:00-04:00,1.0896,1.0896,1.0896,1.0896,0,663,0.0
2024-06-03 14:58:00-04:00,1.0896,1.0897,1.0896,1.0897,0,704,0.0
2024-06-03 14:59:00-04:00,1.0897,1.0898,1.0897,1.0897,0,734,0.0
2024-06-03 15:00:00-04:00,1.0897,1.0897,1.0896,1.0897,0,681,0.0
2024-06-03 15:01:00-04:00,1.0897,1.0898,1.0897,1.0898,0,688,0.0
2024-06-03 15:02:00-04:00,1.0898,1.0898,1.0898,1.0898,0,686,0.0
2024-06-03 15:03:00-04:00,1.0898,1.0898,1.0898,1.0898,0,671,0.0
2024-06-03 15:04:00-04:00,1.0898,1.0898,1.0898,1.0898,0,637,0.0
2024-06-03 15:05:00-04:00,1.0898,1.0899,1.0898,1.0898,0,690,0.0
2024-06-03 15:06:00-04:00,1.0898,1.0898,1.0898,1.0898,0,780,0.0
2024-06-03 15:07:00-04:00,1.0898,1.0898,1.0897,1.0898,0,758,0.0
2024-06-03 15:08:00-04:00,1.0898,1.0898,1.0898,1.0898,0,686,0.0
2024-06-03 15:09:00-04:00,1.0898,1.0898,1.0898,1.0898,0,651,0.0
2024-06-03 15:10:00-04:00,1.0898,1.0898,1.0898,1.0898,0,644,0.0
2024-06-03 15:11:00-04:00,1.0898,1.0898,1.0897,1.0898,0,691,0.0
2024-06-03 15:12:00-04:00,1.0898,1.0898,1.0897,1.0898,0,666,0.0
2024-06-03 15:13:00-04:00,1.0898,1.0899,1.0898,1.0899,0,692,0.0
2024-06-03 15:14:00-04:00,1.0899,1.0899,1.0898,1.0899,0,664,0.0
2024-06-03 15:15:00-04:00,1.0899,1.0899,1.0898,1.0899,0,628,0.0
2024-06-03 15:16:00-04:00,1.0899,1.0899,1.0899,1.0899,0,625,0.0
2024-06-03 15:17:00-04:00,1.0899,1.0899,1.0899,1.0899,0,640,0.0
2024-06-03 15:18:00-04:00,1.0899,1.0899,1.0899,1.0899,0,603,0.0
2024-06-03 15:19:00-04:00,1.0899,1.0899,1.0899,1.0899,0,617,0.0
2024-06-03 15:20:00-04:00,1.0899,1.0899,1.0899,1.0899,0,630,0.0
2024-06-03 15:21:00-04:00,1.0899,1.09,1.0899,1.0899,0,622,0.0
2024-06-03 15:22:00-04:00,1.0899,1.0899,1.0899,1.0899,0,646,0.0
2024-06-03 15:23:00-04:00,1.0899,1.0899,1.0898,1.0899,0,622,0.0
2024-06-03 15:24:00-04:00,1.0899,1.0899,1.0898,1.0898,0,667,0.0
2024-06-03 15:25:00-04:00,1.0898,1.0898,1.0898,1.0898,0,642,0.0
2024-06-03 15:26:00-04:00,1.0898,1.0898,1.0898,1.0898,0,629,0.0
2024-06-03 15:27:00-04:00,1.0898,1.0898,1.0898,1.0898,0,594,0.0
2024-06-03 15:28:00-04:00,1.0898,1.0898,1.0897,1.0897,0,666,0.0
2024-06-03 15:29:00-04:00,1.0897,1.0897,1.0897,1.0897,0,605,0.0
2024-06-03 15:30:00-04:00,1.0897,1.0897,1.0896,1.0897,0,741,0.0
2024-06-03 15:31:00-04:00,1.0897,1.0898,1.0897,1.0897,0,684,0.0
2024-06-03 15:32:00-04:00,1.0897,1.0898,1.0897,1.0898,0,669,0.0
2024-06-03 15:33:00-04:00,1.0898,1.0898,1.0898,1.0898,0,640,0.0
2024-06-03 15:34:00-04:00,1.0898,1.0898,1.0897,1.0898,0,700,0.0
2024-06-03 15:35:00-04:00,1.0898,1.0898,1.0897,1.0898,0,671,0.0
2024-06-03 15:36:00-04:00,1.0898,1.0898,1.0897,1.0898,0,610,0.0
2024-06-03 15:37:00-04:00,1.0898,1.0898,1.0897,1.0897,0,660,0.0
2024-06-03 15:38:00-04:00,1.0897,1.0898,1.0897,1.0897,0,638,0.0
2024-06-03 15:39:00-04:00,1.0897,1.0897,1.0897,1.0897,0,631,0.0
2024-06-03 15:40:00-04:00,1.0897,1.0898,1.0897,1.0897,0,627,0.0
2024-06-03 15:41:00-04:00,1.0897,1.0898,1.0897,1.0897,0,652,0.0
2024-06-03 15:42:00-04:00,1.0897,1.0898,1.0897,1.0898,0,676,0.0
2024-06-03 15:43:00-04:00,1.0898,1.0898,1.0898,1.0898,0,661,0.0
2024-06-03 15:44:00-04:00,1.0898,1.0899,1.0898,1.0899,0,662,0.0
2024-06-03 15:45:00-04:00,1.0899,1.0899,1.0898,1.0899,0,639,0.0
2024-06-03 15:46:00-04:00,1.0899,1.0899,1.0899,1.0899,0,651,0.0
2024-06-03 15:47:00-04:00,1.0899,1.0899,1.0899,1.0899,0,639,0.0
2024-06-03 15:48:00-04:00,1.0899,1.09,1.0899,1.0899,0,642,0.0
2024-06-03 15:49:00-04:00,1.0899,1.09,1.0899,1.09,0,623,0.0
2024-06-03 15:50:00-04:00,1.09,1.09,1.0899,1.0899,0,697,0.0
2024-06-03 15:51:00-04:00,1.0899,1.0899,1.0899,1.0899,0,667,0.0
2024-06-03 15:52:00-04:00,1.0899,1.0899,1.0899,1.0899,0,627,0.0
2024-06-03 15:53:00-04:00,1.0899,1.0899,1.0899,1.0899,0,593,0.0
2024-06-03 15:54:00-04:00,1.0899,1.09,1.0899,1.0899,0,612,0.0
2024-06-03 15:55:00-04:00,1.0899,1.09,1.0899,1.09,0,640,0.0
2024-06-03 15:56:00-04:00,1.09,1.09,1.09,1.09,0,610,0.0
2024-06-03 15:57:00-04:00,1.09,1.09,1.09,1.09,0,611,0.0
2024-06-03 15:58:00-04:00,1.09,1.09,1.09,1.09,0,630,0.0
2024-06-03 15:59:00-04:00,1.09,1.09,1.09,1.09,0,673,0.0
2024-06-03 16:00:00-04:00,1.09,1.09,1.09,1.09,0,607,0.0
2024-06-03 16:01:00-04:00,1.09,1.09,1.09,1.09,0,583,0.0
2024-06-03 16:02:00-04:00,1.09,1.09,1.09,1.09,0,556,0.0
2024-06-03 16:03:00-04:00,1.09,1.09,1.09,1.09,0,569,0.0
2024-06-03 16:04:00-04:00,1.09,1.09,1.09,1.09,0,585,0.0
2024-06-03 16:05:00-04:00,1.09,1.09,1.09,1.09,0,559,0.0
2024-06-03 16:06:00-04:00,1.09,1.09,1.09,1.09,0,572,0.0
2024-06-03 16:07:00-04:00,1.09,1.09,1.09,1.09,0,571,0.0
2024-06-03 16:08:00-04:00,1.09,1.09,1.09,1.09,0,542,0.0
2024-06-03 16:09:00-04:00,1.09,1.09,1.09,1.09,0,567,0.0
2024-06-03 16:10:00-04:00,1.09,1.09,1.09,1.09,0,584,0.0
2024-06-03 16:11:00-04:00,1.09,1.09,1.09,1.09,0,569,0.0
2024-06-03 16:12:00-04:00,1.09,1.09,1.09,1.09,0,567,0.0
2024-06-03 16:13:00-04:00,1.09,1.09,1.09,1.09,0,567,0.0
2024-06-03 16:14:00-04:00,1.09,1.09,1.09,1.09,0,550,0.0
2024-06-03 16:15:00-04:00,1.09,1.09,1.09,1.09,0,570,0.0
2024-06-03 16:16:00-04:00,1.09,1.09,1.09,1.09,0,556,0.0
2024-06-03 16:17:00-04:00,1.09,1.09,1.09,1.09,0,554,0.0
2024-06-03 16:18:00-04:00,1.09,1.09,1.09,1.09,0,572,0.0
2024-06-03 16:19:00-04:00,1.09,1.09,1.09,1.09,0,557,0.0
2024-06-03 16:20:00-04:00,1.09,1.0901,1.09,1.0901,0,633,0.0
2024-06-03 16:21:00-04:00,1.0901,1.0901,1.0901,1.0901,0,557,0.0
2024-06-03 16:22:00-04:00,1.0901,1.0901,1.0901,1.0901,0,575,0.0
2024-06-03 16:23:00-04:00,1.0901,1.0901,1.0901,1.0901,0,559,0.0
2024-06-03 16:24:00-04:00,1.0901,1.0901,1.0901,1.0901,0,562,0.0
2024-06-03 16:25:00-04:00,1.0901,1.0901,1.0901,1.0901,0,610,0.0
2024-06-03 16:26:00-04:00,1.0901,1.0901,1.0901,1.0901,0,553,0.0
2024-06-03 16:27:00-04:00,1.0901,1.0901,1.0901,1.0901,0,560,0.0
2024-06-03 16:28:00-04:00,1.0901,1.0901,1.0901,1.0901,0,572,0.0
2024-06-03 16:29:00-04:00,1.0901,1.0901,1.0901,1.0901,0,605,0.0
2024-06-03 16:30:00-04:00,1.0901,1.0901,1.0901,1.0901,0,595,0.0
2024-06-03 16:31:00-04:00,1.0901,1.0901,1.0901,1.0901,0,553,0.0
2024-06-03 16:32:00-04:00,1.0901,1.0901,1.0901,1.0901,0,558,0.0
2024-06-03 16:33:00-04:00,1.0901,1.0902,1.0901,1.0901,0,568,0.0
2024-06-03 16:34:00-04:00,1.0901,1.0901,1.0901,1.0901,0,619,0.0
2024-06-03 16:35:00-04:00,1.0901,1.0901,1.0901,1.0901,0,582,0.0
2024-06-03 16:36:00-04:00,1.0901,1.0901,1.0901,1.0901,0,571,0.0
2024-06-03 16:37:00-04:00,1.0901,1.0901,1.0901,1.0901,0,566,0.0
2024-06-03 16:38:00-04:00,1.0901,1.0902,1.0901,1.0902,0,587,0.0
2024-06-03 16:39:00-04:00,1.0902,1.0902,1.0901,1.0901,0,569,0.0
2024-06-03 16:40:00-04:00,1.0901,1.0901,1.0901,1.0901,0,598,0.0
2024-06-03 16:41:00-04:00,1.0901,1.0901,1.0901,1.0901,0,568,0.0
2024-06-03 16:42:00-04:00,1.0901,1.0901,1.0901,1.0901,0,538,0.0
2024-06-03 16:43:00-04:00,1.0901,1.0901,1.0901,1.0901,0,568,0.0
2024-06-03 16:44:00-04:00,1.0901,1.0901,1.0901,1.0901,0,549,0.0
2024-06-03 16:45:00-04:00,1.0901,1.0902,1.0901,1.0902,0,604,0.0
2024-06-03 16:46:00-04:00,1.0902,1.0902,1.0902,1.0902,0,566,0.0
2024-06-03 16:47:00-04:00,1.0902,1.0902,1.0902,1.0902,0,574,0.0
2024-06-03 16:48:00-04:00,1.0902,1.0902,1.0902,1.0902,0,556,0.0
2024-06-03 16:49:00-04:00,1.0902,1.0902,1.0902,1.0902,0,564,0.0
2024-06-03 16:50:00-04:00,1.0902,1.0903,1.0902,1.0903,0,636,0.0
2024-06-03 16:51:00-04:00,1.0903,1.0903,1.0903,1.0903,0,581,0.0
2024-06-03 16:52:00-04:00,1.0903,1.0903,1.0903,1.0903,0,567,0.0
2024-06-03 16:53:00-04:00,1.0903,1.0903,1.0902,1.0902,0,550,0.0
2024-06-03 16:54:00-04:00,1.0902,1.0903,1.0902,1.0903,0,584,0.0
2024-06-03 16:55:00-04:00,1.0903,1.0903,1.0903,1.0903,0,600,0.0
2024-06-03 16:56:00-04:00,1.0903,1.0904,1.0903,1.0904,0,586,0.0
2024-06-03 16:57:00-04:00,1.0904,1.0905,1.0904,1.0905,0,671,0.0
2024-06-03 16:58:00-04:00,1.0905,1.0905,1.0904,1.0904,0,672,0.0
2024-06-03 16:59:00-04:00,1.0904,1.0905,1.0904,1.0904,0,603,0.0
